Topic 1,Topic 2,Co-interest Score,Correlation,Adjusted Co-interest Score
Fitness,Personal Experiences,0.11788972027449644,0.7116755800455421,100.0
Personal Experiences,Fitness,0.11788972027449644,0.7116755800455421,100.0
Celebs,Kpop,0.11013972176167758,0.9913592669909673,93.42606081787824
Kpop,Celebs,0.11013972176167758,0.9913592669909673,93.42606081787824
Life choices,Personal Experiences,0.09438445773799425,0.1899936621977628,80.0616521255864
Personal Experiences,Life choices,0.09438445773799425,0.1899936621977628,80.0616521255864
Movies,Music,0.08602697554339332,0.6732196308050999,72.97241467965709
Music,Movies,0.08602697554339332,0.6732196308050999,72.97241467965709
Kpop,Music,0.08445086753349176,0.6609156547399356,71.63548046161694
Music,Kpop,0.08445086753349176,0.6609156547399356,71.63548046161694
Celebs,Music,0.08258004221112852,0.6422661809942606,70.04855217134093
Music,Celebs,0.08258004221112852,0.6422661809942606,70.04855217134093
Life choices,Hypothetical,0.06808669033569073,0.11304988643680691,57.75456093810089
Hypothetical,Life choices,0.06808669033569073,0.11304988643680691,57.75456093810089
Gaming,Hypothetical,0.06425596869197255,0.7150308637135437,54.50514984882299
Hypothetical,Gaming,0.06425596869197255,0.7150308637135437,54.50514984882299
Ethics,Personal Experiences,0.06066025603222475,0.35140865960486584,51.455085219459654
Personal Experiences,Ethics,0.06066025603222475,0.35140865960486584,51.455085219459654
Business and Finance,Personal finance tips,0.057755445712835196,0.9834170629434654,48.99107876272539
Personal finance tips,Business and Finance,0.057755445712835196,0.9834170629434654,48.99107876272539
Hypothetical,Personal Experiences,0.05268959132437127,-0.5085545213507164,44.69396585358581
Personal Experiences,Hypothetical,0.05268959132437127,-0.5085545213507164,44.69396585358581
Gaming,Food and dining experiences,0.050935037753739316,0.4462881090308869,43.20566512087848
Food and dining experiences,Gaming,0.050935037753739316,0.4462881090308869,43.20566512087848
Music,Hypothetical,0.04517833722376292,-0.136151898651361,38.322541709802096
Hypothetical,Music,0.04517833722376292,-0.136151898651361,38.322541709802096
Fitness,Life choices,0.04460216386483312,-0.13275350354754453,37.83380243924634
Life choices,Fitness,0.04460216386483312,-0.13275350354754453,37.83380243924634
Ethics,Nature,0.03861667844888276,0.3511785873446848,32.75661216174491
Nature,Ethics,0.03861667844888276,0.3511785873446848,32.75661216174491
Hypothetical,Mental health,0.03860289353203013,0.3544212281152764,32.74491910078885
Mental health,Hypothetical,0.03860289353203013,0.3544212281152764,32.74491910078885
Music,Life choices,0.0357751115835355,-0.40822097270893276,30.34625198892331
Life choices,Music,0.0357751115835355,-0.40822097270893276,30.34625198892331
Mental health,Music,0.033405558910957645,0.15321632373244096,28.336278034399918
Music,Mental health,0.033405558910957645,0.15321632373244096,28.336278034399918
Celebs,Mental health,0.03246669888477786,0.24858066691766656,27.53988966059283
Mental health,Celebs,0.03246669888477786,0.24858066691766656,27.53988966059283
Kpop,Mental health,0.0319497869023877,0.2411683418293052,27.101418875195623
Mental health,Kpop,0.0319497869023877,0.2411683418293052,27.101418875195623
Ethics,Life choices,0.028496547186754883,-0.11231418817396314,24.172206974792232
Life choices,Ethics,0.028496547186754883,-0.11231418817396314,24.172206974792232
Personal Experiences,Music,0.028251636709641863,-0.5912511162097751,23.964461569558623
Music,Personal Experiences,0.028251636709641863,-0.5912511162097751,23.964461569558623
Nature,Life choices,0.02789211235591834,0.20881979015509372,23.659494899957238
Life choices,Nature,0.02789211235591834,0.20881979015509372,23.659494899957238
Life choices,Mental health,0.02775811506646036,-0.06279751723285573,23.545831648279332
Mental health,Life choices,0.02775811506646036,-0.06279751723285573,23.545831648279332
Celebs,Hypothetical,0.027451088808187345,-0.14062168180628318,23.285396508083792
Hypothetical,Celebs,0.027451088808187345,-0.14062168180628318,23.285396508083792
Hypothetical,Movies,0.024877909637465785,-0.08516888128609174,21.102696299168098
Movies,Hypothetical,0.024877909637465785,-0.08516888128609174,21.102696299168098
Nature,Personal Experiences,0.02468442103198094,0.018217380136852958,20.93856951607427
Personal Experiences,Nature,0.02468442103198094,0.018217380136852958,20.93856951607427
Kpop,Hypothetical,0.024163133000747072,-0.14357922377407129,20.496386745583262
Hypothetical,Kpop,0.024163133000747072,-0.14357922377407129,20.496386745583262
Fitness,Hypothetical,0.023497219505302723,-0.4009625456895725,19.93152537014372
Hypothetical,Fitness,0.023497219505302723,-0.4009625456895725,19.93152537014372
Life choices,Movies,0.022985160102121337,-0.16200635659979487,19.497170786903467
Movies,Life choices,0.022985160102121337,-0.16200635659979487,19.497170786903467
Anime,TV shows,0.022249196476048907,0.9435404622282512,18.872889361552048
TV shows,Anime,0.022249196476048907,0.9435404622282512,18.872889361552048
Family,Friendship,0.02188971292124555,0.9874345339264124,18.56795729965019
Friendship,Family,0.02188971292124555,0.9874345339264124,18.56795729965019
Nature,Hypothetical,0.02163738346263331,-0.013499853931984388,18.35391874054197
Hypothetical,Nature,0.02163738346263331,-0.013499853931984388,18.35391874054197
Anime,Life choices,0.021328600176891515,0.3747370751531978,18.09199320112868
Life choices,Anime,0.021328600176891515,0.3747370751531978,18.09199320112868
Ethics,Hypothetical,0.021290327225962975,-0.19687827574398098,18.05952815596662
Hypothetical,Ethics,0.021290327225962975,-0.19687827574398098,18.05952815596662
Mental health,Personal Experiences,0.02027104419181329,-0.3998690011149185,17.194920935102605
Personal Experiences,Mental health,0.02027104419181329,-0.3998690011149185,17.194920935102605
Anime,Nature,0.020091584211822118,0.36657038722598995,17.04269393891217
Nature,Anime,0.020091584211822118,0.36657038722598995,17.04269393891217
Music,Fitness,0.020066297041245525,-0.26861273603223135,17.02124408686594
Fitness,Music,0.020066297041245525,-0.26861273603223135,17.02124408686594
Business and Finance,Life choices,0.019342756185297426,0.11644599061595053,16.40750028099093
Life choices,Business and Finance,0.019342756185297426,0.11644599061595053,16.40750028099093
Life choices,Personal finance tips,0.01930570341027676,0.127231333451202,16.376070250506178
Personal finance tips,Life choices,0.01930570341027676,0.127231333451202,16.376070250506178
Nature,Personal finance tips,0.01912364417576812,0.20353554186968337,16.221638435684046
Personal finance tips,Nature,0.01912364417576812,0.20353554186968337,16.221638435684046
Business and Finance,Nature,0.019030821670443857,0.19699597251393725,16.14290171028667
Nature,Business and Finance,0.019030821670443857,0.19699597251393725,16.14290171028667
Movies,Mental health,0.018254494085544096,-0.01641202673011972,15.484381541528828
Mental health,Movies,0.018254494085544096,-0.01641202673011972,15.484381541528828
Fitness,Movies,0.017927206568714105,-0.0935186774416984,15.206759781066653
Movies,Fitness,0.017927206568714105,-0.0935186774416984,15.206759781066653
Food and dining experiences,Hypothetical,0.01775780153034037,0.2954273547754388,15.0630618929223
Hypothetical,Food and dining experiences,0.01775780153034037,0.2954273547754388,15.0630618929223
Celebs,Life choices,0.016813991566883187,-0.44516959407587914,14.262474732939564
Life choices,Celebs,0.016813991566883187,-0.44516959407587914,14.262474732939564
Movies,Personal Experiences,0.01676215108005703,-0.29847929136913615,14.218501020299097
Personal Experiences,Movies,0.01676215108005703,-0.29847929136913615,14.218501020299097
Anime,Friendship,0.01672560250115032,0.5003912523674242,14.18749867435951
Friendship,Anime,0.01672560250115032,0.5003912523674242,14.18749867435951
Hypothetical,Anime,0.016675274837437616,0.08375773499487643,14.144808214499635
Anime,Hypothetical,0.016675274837437616,0.08375773499487643,14.144808214499635
Anime,Personal finance tips,0.016642620847257084,0.2539342026433863,14.117109454926283
Personal finance tips,Anime,0.016642620847257084,0.2539342026433863,14.117109454926283
Anime,Business and Finance,0.016509279015353137,0.24594787596164364,14.004002195367542
Business and Finance,Anime,0.016509279015353137,0.24594787596164364,14.004002195367542
Dating,Friendship,0.01626746207315499,0.7709757002222447,13.798880882300468
Friendship,Dating,0.01626746207315499,0.7709757002222447,13.798880882300468
Celebs,Movies,0.01626187412047649,-0.06411909241131376,13.794140899318501
Movies,Celebs,0.01626187412047649,-0.06411909241131376,13.794140899318501
Movies,Kpop,0.01622319529142005,-0.04727147179336618,13.76133156788029
Kpop,Movies,0.01622319529142005,-0.04727147179336618,13.76133156788029
Anime,Dating,0.01615995547720275,0.7371725050929481,13.707688371450566
Dating,Anime,0.01615995547720275,0.7371725050929481,13.707688371450566
Ethics,Personal finance tips,0.015513778466663386,0.03821153495902779,13.159568476828037
Personal finance tips,Ethics,0.015513778466663386,0.03821153495902779,13.159568476828037
Nature,TV shows,0.015511499674912695,0.3622707329993311,13.157635490859978
TV shows,Nature,0.015511499674912695,0.3622707329993311,13.157635490859978
Business and Finance,Ethics,0.015451658444983425,0.034216897151374305,13.106875144843434
Ethics,Business and Finance,0.015451658444983425,0.034216897151374305,13.106875144843434
Hypothetical,Business and Finance,0.015377851481282052,-0.02387868018259721,13.044268359850205
Business and Finance,Hypothetical,0.015377851481282052,-0.02387868018259721,13.044268359850205
Friendship,Travel,0.015346122476878147,0.8811822913397401,13.017354219813205
Travel,Friendship,0.015346122476878147,0.8811822913397401,13.017354219813205
Hypothetical,Personal finance tips,0.015335391717489318,-0.016666070685353532,13.008251849085848
Personal finance tips,Hypothetical,0.015335391717489318,-0.016666070685353532,13.008251849085848
Life choices,TV shows,0.014895144403530486,0.36411495360202123,12.63481189780447
TV shows,Life choices,0.014895144403530486,0.36411495360202123,12.63481189780447
Friendship,Life choices,0.014544088962283269,0.2619935425319502,12.337028986427793
Life choices,Friendship,0.014544088962283269,0.2619935425319502,12.337028986427793
Personal Experiences,Anime,0.014414365342861519,-0.09123294611920423,12.226990876981354
Anime,Personal Experiences,0.014414365342861519,-0.09123294611920423,12.226990876981354
Dating,Family,0.014385953997228723,0.7734102573048344,12.202890942257069
Family,Dating,0.014385953997228723,0.7734102573048344,12.202890942257069
Anime,Family,0.014174498527273325,0.5039825284052333,12.023523759551875
Family,Anime,0.014174498527273325,0.5039825284052333,12.023523759551875
Friendship,TV shows,0.014114109464653333,0.505239374781087,11.972298714247348
TV shows,Friendship,0.014114109464653333,0.505239374781087,11.972298714247348
Dating,TV shows,0.014087576397536473,0.7474094830614589,11.949792029987618
TV shows,Dating,0.014087576397536473,0.7474094830614589,11.949792029987618
Nature,Friendship,0.01404569554438097,0.23704503998102655,11.914266580391175
Friendship,Nature,0.01404569554438097,0.23704503998102655,11.914266580391175
Anime,Mental health,0.014021501703467673,0.10194327665472729,11.893744145647108
Mental health,Anime,0.014021501703467673,0.10194327665472729,11.893744145647108
Mental health,Nature,0.013850202009088593,-0.05860787516841394,11.74843911482659
Nature,Mental health,0.013850202009088593,-0.05860787516841394,11.74843911482659
Family,Travel,0.01364558585294659,0.8551483307154295,11.574873382661332
Travel,Family,0.01364558585294659,0.8551483307154295,11.574873382661332
Friendship,Personal finance tips,0.013331483959519939,0.20649160488661708,11.308436332259236
Personal finance tips,Friendship,0.013331483959519939,0.20649160488661708,11.308436332259236
Friendship,Business and Finance,0.013198855818950873,0.1997545260037164,11.195934461646385
Business and Finance,Friendship,0.013198855818950873,0.1997545260037164,11.195934461646385
TV shows,Personal finance tips,0.01308284905539658,0.24101556793910112,11.097531680399486
Personal finance tips,TV shows,0.01308284905539658,0.24101556793910112,11.097531680399486
Business and Finance,Personal Experiences,0.013065943086118916,-0.14229071372472696,11.083191185538443
Personal Experiences,Business and Finance,0.013065943086118916,-0.14229071372472696,11.083191185538443
Personal Experiences,Personal finance tips,0.013040903217371351,-0.1344386710231442,11.061951107362617
Personal finance tips,Personal Experiences,0.013040903217371351,-0.1344386710231442,11.061951107362617
Business and Finance,TV shows,0.012966692838658405,0.23367554445150537,10.999002125432595
TV shows,Business and Finance,0.012966692838658405,0.23367554445150537,10.999002125432595
Personal Experiences,Celebs,0.012685430896250368,-0.5222693760463332,10.760421575955387
Celebs,Personal Experiences,0.012685430896250368,-0.5222693760463332,10.760421575955387
Dating,Nature,0.012368218614812763,0.33529574553121666,10.491346137741603
Nature,Dating,0.012368218614812763,0.33529574553121666,10.491346137741603
Family,TV shows,0.01230475306580697,0.5111585578782528,10.437511461691802
TV shows,Family,0.01230475306580697,0.5111585578782528,10.437511461691802
Kpop,Life choices,0.012008704417790502,-0.46756570051323343,10.18638808356592
Life choices,Kpop,0.012008704417790502,-0.46756570051323343,10.18638808356592
Fitness,Mental health,0.011923885558755601,-0.28097055998712306,10.114440454173462
Mental health,Fitness,0.011923885558755601,-0.28097055998712306,10.114440454173462
TV shows,Hypothetical,0.011781278967856416,0.08207882036388266,9.993474359278046
Hypothetical,TV shows,0.011781278967856416,0.08207882036388266,9.993474359278046
Ethics,Anime,0.011699762780711541,-0.02052834060914537,9.924328222570733
Anime,Ethics,0.011699762780711541,-0.02052834060914537,9.924328222570733
Family,Nature,0.01166568227738638,0.2425568590755965,9.895419422680625
Nature,Family,0.01166568227738638,0.2425568590755965,9.895419422680625
Ethics,Fitness,0.011647132546490583,-0.17666800074582434,9.87968460640266
Fitness,Ethics,0.011647132546490583,-0.17666800074582434,9.87968460640266
Global Politics,US Politics,0.011490997921716983,0.9862750326691473,9.747243351635026
US Politics,Global Politics,0.011490997921716983,0.9862750326691473,9.747243351635026
Hypothetical,Friendship,0.01137364340639014,0.03127939567845045,9.647697339435155
Friendship,Hypothetical,0.01137364340639014,0.03127939567845045,9.647697339435155
Life choices,Family,0.01131322921921189,0.2613563654805846,9.596450982214542
Family,Life choices,0.01131322921921189,0.2613563654805846,9.596450982214542
Dating,Life choices,0.01128704415351863,0.3383018040825225,9.57423949029456
Life choices,Dating,0.01128704415351863,0.3383018040825225,9.57423949029456
Family,Personal finance tips,0.011143260309136501,0.20335278554075298,9.452274789685092
Personal finance tips,Family,0.011143260309136501,0.20335278554075298,9.452274789685092
Friendship,Mental health,0.011106467419376712,0.10376422542256172,9.421065206971585
Mental health,Friendship,0.011106467419376712,0.10376422542256172,9.421065206971585
Family,Business and Finance,0.011045908837956173,0.1976975391245641,9.369696367280106
Business and Finance,Family,0.011045908837956173,0.1976975391245641,9.369696367280106
Current Events,US Politics,0.011042960208491921,0.9778428343373307,9.3671951912171
US Politics,Current Events,0.011042960208491921,0.9778428343373307,9.3671951912171
Mental health,Personal finance tips,0.010896714826696203,-0.04003684911924425,9.243142490561608
Personal finance tips,Mental health,0.010896714826696203,-0.04003684911924425,9.243142490561608
Business and Finance,Mental health,0.01088850178420293,-0.04460469723890139,9.23617577414719
Mental health,Business and Finance,0.01088850178420293,-0.04460469723890139,9.23617577414719
Anime,Sports,0.010881509750240104,0.6351536569615371,9.230244778682492
Sports,Anime,0.010881509750240104,0.6351536569615371,9.230244778682492
Personal Experiences,Friendship,0.010750220657935279,-0.0402327763428266,9.118878756268384
Friendship,Personal Experiences,0.010750220657935279,-0.0402327763428266,9.118878756268384
Mental health,TV shows,0.010586390903923588,0.1009267074139974,8.979910105201755
TV shows,Mental health,0.010586390903923588,0.1009267074139974,8.979910105201755
Current Events,Global Politics,0.010530659648910786,0.9927952127256422,8.932636046969165
Global Politics,Current Events,0.010530659648910786,0.9927952127256422,8.932636046969165
Fashion,Friendship,0.010447794666124404,0.4726269936231887,8.862345793846638
Friendship,Fashion,0.010447794666124404,0.4726269936231887,8.862345793846638
Dating,Personal finance tips,0.010317918402092615,0.20526591989540693,8.752178203551757
Personal finance tips,Dating,0.010317918402092615,0.20526591989540693,8.752178203551757
Travel,Dating,0.010206584012793318,0.6594433969589072,8.657738765541332
Dating,Travel,0.010206584012793318,0.6594433969589072,8.657738765541332
Dating,Business and Finance,0.01019743165854677,0.1977549300226528,8.649975277575429
Business and Finance,Dating,0.01019743165854677,0.1977549300226528,8.649975277575429
Gaming,Life choices,0.010121081531674214,-0.18522703333630103,8.585211253456293
Life choices,Gaming,0.010121081531674214,-0.18522703333630103,8.585211253456293
Food and dining experiences,Life choices,0.009910009204703842,0.0038372403576224672,8.406169071933673
Life choices,Food and dining experiences,0.009910009204703842,0.0038372403576224672,8.406169071933673
Personal Experiences,TV shows,0.009836372164905108,-0.1055073188901931,8.3437064249554
TV shows,Personal Experiences,0.009836372164905108,-0.1055073188901931,8.3437064249554
Fashion,Anime,0.00980745106036031,0.43443284011978345,8.319174087040391
Anime,Fashion,0.00980745106036031,0.43443284011978345,8.319174087040391
Celebs,Fitness,0.009712795945897836,-0.24858155359845197,8.238882850245462
Fitness,Celebs,0.009712795945897836,-0.24858155359845197,8.238882850245462
Family,Fashion,0.009591560047314178,0.47686119360521173,8.136044453223763
Fashion,Family,0.009591560047314178,0.47686119360521173,8.136044453223763
Horoscope,Social justice,0.009584561179541533,0.8146657825584683,8.13010766097729
Social justice,Horoscope,0.009584561179541533,0.8146657825584683,8.13010766097729
Sports,TV shows,0.009551481505907707,0.6014373618466448,8.102047815252995
TV shows,Sports,0.009551481505907707,0.6014373618466448,8.102047815252995
Fashion,Dating,0.009498992607927153,0.5442864907984252,8.05752408760453
Dating,Fashion,0.009498992607927153,0.5442864907984252,8.05752408760453
Ethics,Mental health,0.009359888355977512,-0.20578793103973905,7.939528853053334
Mental health,Ethics,0.009359888355977512,-0.20578793103973905,7.939528853053334
Fashion,TV shows,0.00923818271390328,0.4659602829915715,7.836291995937335
TV shows,Fashion,0.00923818271390328,0.4659602829915715,7.836291995937335
Anime,Travel,0.00923657127560981,0.4178578978564775,7.83492509279284
Travel,Anime,0.00923657127560981,0.4178578978564775,7.83492509279284
Kpop,Personal Experiences,0.009222952344269265,-0.5014361464997675,7.823372829110448
Personal Experiences,Kpop,0.009222952344269265,-0.5014361464997675,7.823372829110448
Mental health,Family,0.008944884957146649,0.10022327354519849,7.587502062367461
Family,Mental health,0.008944884957146649,0.10022327354519849,7.587502062367461
Dating,Hypothetical,0.008903368685939982,0.06649708384674623,7.552285869547595
Hypothetical,Dating,0.008903368685939982,0.06649708384674623,7.552285869547595
Family,Hypothetical,0.008855035574582722,0.028826821922323546,7.5112872894808005
Hypothetical,Family,0.008855035574582722,0.028826821922323546,7.5112872894808005
TV shows,Travel,0.008809221068929434,0.46319374028906896,7.472425117659023
Travel,TV shows,0.008809221068929434,0.46319374028906896,7.472425117659023
Fitness,Kpop,0.008731809472964147,-0.22099761975581309,7.406760701978809
Kpop,Fitness,0.008731809472964147,-0.22099761975581309,7.406760701978809
Business and Finance,Fashion,0.00866505116262794,0.2260824755115941,7.350132939879819
Fashion,Business and Finance,0.00866505116262794,0.2260824755115941,7.350132939879819
Nature,Fitness,0.008613097321592302,-0.22737807579889957,7.3060630744881045
Fitness,Nature,0.008613097321592302,-0.22737807579889957,7.3060630744881045
Mental health,Dating,0.008542776065824233,0.10414912626059264,7.246413042573251
Dating,Mental health,0.008542776065824233,0.10414912626059264,7.246413042573251
Gaming,Music,0.008484140553688345,-0.10881422720891967,7.196675447132902
Music,Gaming,0.008484140553688345,-0.10881422720891967,7.196675447132902
Dating,Sports,0.008459078186148387,0.5502533771798747,7.175416284347884
Sports,Dating,0.008459078186148387,0.5502533771798747,7.175416284347884
Ethics,TV shows,0.008360642232976275,-0.03194347901392825,7.091917949681458
TV shows,Ethics,0.008360642232976275,-0.03194347901392825,7.091917949681458
Family,Personal Experiences,0.00830281469194038,-0.04170377948572922,7.042865716033565
Personal Experiences,Family,0.00830281469194038,-0.04170377948572922,7.042865716033565
Sports,Friendship,0.008032558153843315,0.3789599088165009,6.813620504943238
Friendship,Sports,0.008032558153843315,0.3789599088165009,6.813620504943238
Personal finance tips,Travel,0.007966374827949568,0.2029059891795385,6.757480473615956
Travel,Personal finance tips,0.007966374827949568,0.2029059891795385,6.757480473615956
Business and Finance,Travel,0.00792620601556316,0.1999286816009996,6.72340726325217
Travel,Business and Finance,0.00792620601556316,0.1999286816009996,6.72340726325217
Fashion,Travel,0.007868584693883489,0.45668631232436174,6.6745299552515185
Travel,Fashion,0.007868584693883489,0.45668631232436174,6.6745299552515185
Fashion,Nature,0.00785316983473157,0.2219269747940192,6.661454295120995
Nature,Fashion,0.00785316983473157,0.2219269747940192,6.661454295120995
Personal Experiences,Dating,0.007621324863883409,-0.08549651321398294,6.464791710539125
Dating,Personal Experiences,0.007621324863883409,-0.08549651321398294,6.464791710539125
Family,Sports,0.007407087785850203,0.3818115174546473,6.283065027725414
Sports,Family,0.007407087785850203,0.3818115174546473,6.283065027725414
Nature,Travel,0.007174969075650492,0.18327414261606104,6.086170243634619
Travel,Nature,0.007174969075650492,0.18327414261606104,6.086170243634619
Food and dining experiences,Music,0.006926425856019733,-0.06224449188804377,5.8753433631805425
Music,Food and dining experiences,0.006926425856019733,-0.06224449188804377,5.8753433631805425
Life choices,Travel,0.006856471587586709,0.22865502116329875,5.81600462841203
Travel,Life choices,0.006856471587586709,0.22865502116329875,5.81600462841203
Personal Experiences,Gaming,0.0068300095911149605,-0.23520407750829023,5.7935582298540105
Gaming,Personal Experiences,0.0068300095911149605,-0.23520407750829023,5.7935582298540105
Personal finance tips,Sports,0.006774766942062794,0.17567089971011945,5.746698631813113
Sports,Personal finance tips,0.006774766942062794,0.17567089971011945,5.746698631813113
Business and Finance,Sports,0.006703160449317056,0.1708540091337364,5.68595839714379
Sports,Business and Finance,0.006703160449317056,0.1708540091337364,5.68595839714379
Nature,Sports,0.006691947385594855,0.202093220992377,5.6764469115824605
Sports,Nature,0.006691947385594855,0.202093220992377,5.6764469115824605
New gadgets,Travel,0.006669305731546841,0.7832105915137326,5.657241119936424
Travel,New gadgets,0.006669305731546841,0.7832105915137326,5.657241119936424
New gadgets,Friendship,0.0066166119555275404,0.6851789857570484,5.6125436044137755
Friendship,New gadgets,0.0066166119555275404,0.6851789857570484,5.6125436044137755
Art,Friendship,0.006553500993085216,0.6804435674567979,5.559009706551116
Friendship,Art,0.006553500993085216,0.6804435674567979,5.559009706551116
Fashion,Life choices,0.00652007634312927,0.1955878015568556,5.530657234530554
Life choices,Fashion,0.00652007634312927,0.1955878015568556,5.530657234530554
Art,Travel,0.006446899683025232,0.7523435359433523,5.468585104803167
Travel,Art,0.006446899683025232,0.7523435359433523,5.468585104803167
Sports,Travel,0.0064218128600882825,0.39464904092557873,5.447305197718362
Travel,Sports,0.0064218128600882825,0.39464904092557873,5.447305197718362
Food and dining experiences,Personal Experiences,0.006356254283691285,-0.14693543941285744,5.3916951103889925
Personal Experiences,Food and dining experiences,0.006356254283691285,-0.14693543941285744,5.3916951103889925
Personal finance tips,Fashion,0.006318142091750866,0.11103761050555089,5.3593664290996665
Fashion,Personal finance tips,0.006318142091750866,0.11103761050555089,5.3593664290996665
Family,New gadgets,0.006253880752292803,0.6731964396882175,5.304856723496468
New gadgets,Family,0.006253880752292803,0.6731964396882175,5.304856723496468
Art,Family,0.006202662523374738,0.6693108376509233,5.2614108413628875
Family,Art,0.006202662523374738,0.6693108376509233,5.2614108413628875
Life choices,Sports,0.006161942573823391,0.25011358557021746,5.226870128689607
Sports,Life choices,0.006161942573823391,0.25011358557021746,5.226870128689607
Fashion,Sports,0.0060793993933865005,0.3288607523107496,5.156852844532265
Sports,Fashion,0.0060793993933865005,0.3288607523107496,5.156852844532265
New gadgets,Art,0.00607763296359736,0.8940460577387535,5.155354469792697
Art,New gadgets,0.00607763296359736,0.8940460577387535,5.155354469792697
Mental health,Travel,0.005863019497370873,0.09662878441563795,4.973308515551074
Travel,Mental health,0.005863019497370873,0.09662878441563795,4.973308515551074
Ethics,Friendship,0.00577722282092397,-0.1002672022518472,4.900531452167487
Friendship,Ethics,0.00577722282092397,-0.1002672022518472,4.900531452167487
Anime,Fitness,0.005570248853558424,-0.25901849584732284,4.724965705736311
Fitness,Anime,0.005570248853558424,-0.25901849584732284,4.724965705736311
Hypothetical,Travel,0.005555592377812589,0.03744701611442135,4.712533344618048
Travel,Hypothetical,0.005555592377812589,0.03744701611442135,4.712533344618048
Personal finance tips,Fitness,0.0055517134412496165,-0.17723921599035955,4.7092430352052
Fitness,Personal finance tips,0.0055517134412496165,-0.17723921599035955,4.7092430352052
Business and Finance,Fitness,0.005544362051816044,-0.17994790774441574,4.7030072163259495
Fitness,Business and Finance,0.005544362051816044,-0.17994790774441574,4.7030072163259495
Celebs,Nature,0.005472171309896505,-0.24263385116438918,4.641771392073038
Nature,Celebs,0.005472171309896505,-0.24263385116438918,4.641771392073038
Food and dining experiences,Friendship,0.0054090077873311495,-0.006015422633377588,4.588192910066054
Friendship,Food and dining experiences,0.0054090077873311495,-0.006015422633377588,4.588192910066054
Dating,Ethics,0.0054012936974729255,-0.07819361509902734,4.581649430413831
Ethics,Dating,0.0054012936974729255,-0.07819361509902734,4.581649430413831
Nature,Music,0.005295167119526047,-0.35907824249675035,4.491627520361138
Music,Nature,0.005295167119526047,-0.35907824249675035,4.491627520361138
Celebs,Anime,0.005290163645938834,-0.2229467785144862,4.487383321990354
Anime,Celebs,0.005290163645938834,-0.2229467785144862,4.487383321990354
Fashion,Mental health,0.005036989439502239,0.036046959814338274,4.272628205219273
Mental health,Fashion,0.005036989439502239,0.036046959814338274,4.272628205219273
Fashion,Hypothetical,0.005033243630253846,0.0009869533716227131,4.269450821101581
Hypothetical,Fashion,0.005033243630253846,0.0009869533716227131,4.269450821101581
Hypothetical,Sports,0.00486947668527212,0.03842131809896923,4.130535447818475
Sports,Hypothetical,0.00486947668527212,0.03842131809896923,4.130535447818475
Ethics,Music,0.004864977237616838,-0.30081896039188477,4.126718789635891
Music,Ethics,0.004864977237616838,-0.30081896039188477,4.126718789635891
Personal Experiences,Travel,0.004853440892998296,-0.06566293704856016,4.11693308093145
Travel,Personal Experiences,0.004853440892998296,-0.06566293704856016,4.11693308093145
Food and dining experiences,Family,0.004812963805808981,-0.003115439032271163,4.08259837634901
Family,Food and dining experiences,0.004812963805808981,-0.003115439032271163,4.08259837634901
Mental health,Sports,0.004810946897562875,0.05747924857083303,4.080887533163183
Sports,Mental health,0.004810946897562875,0.05747924857083303,4.080887533163183
Business and Finance,Celebs,0.004751446579191246,-0.16470173542820382,4.030416365504894
Celebs,Business and Finance,0.004751446579191246,-0.16470173542820382,4.030416365504894
Dating,Food and dining experiences,0.004707872458471387,-0.0037732406821109274,3.9934546010538456
Food and dining experiences,Dating,0.004707872458471387,-0.0037732406821109274,3.9934546010538456
Ethics,Family,0.004642561864747451,-0.10060048119700139,3.9380548651210896
Family,Ethics,0.004642561864747451,-0.10060048119700139,3.9380548651210896
Mental health,Food and dining experiences,0.004631191286166683,-0.10661844026660815,3.9284097675211527
Food and dining experiences,Mental health,0.004631191286166683,-0.10661844026660815,3.9284097675211527
Food and dining experiences,Travel,0.00458609895096625,0.0411669615775977,3.8901601770603054
Travel,Food and dining experiences,0.00458609895096625,0.0411669615775977,3.8901601770603054
Fashion,Personal Experiences,0.004473534749262354,-0.07835830834559888,3.7946775502105687
Personal Experiences,Fashion,0.004473534749262354,-0.07835830834559888,3.7946775502105687
Dating,New gadgets,0.004381908190093769,0.4627323784980049,3.7169552865939957
New gadgets,Dating,0.004381908190093769,0.4627323784980049,3.7169552865939957
Movies,Nature,0.0043140153551714374,-0.20346595056187153,3.659365163583907
Nature,Movies,0.0043140153551714374,-0.20346595056187153,3.659365163583907
Dating,Art,0.004267028942888757,0.44737969003814987,3.6195089215186305
Art,Dating,0.004267028942888757,0.44737969003814987,3.6195089215186305
Celebs,Ethics,0.00418361895379481,-0.21702120876195607,3.5487563665887065
Ethics,Celebs,0.00418361895379481,-0.21702120876195607,3.5487563665887065
Personal Experiences,Sports,0.004176254145265969,-0.07133227583174057,3.5425091649567984
Sports,Personal Experiences,0.004176254145265969,-0.07133227583174057,3.5425091649567984
Celebs,TV shows,0.0040532278904159445,-0.21686878820808417,3.4381520975521354
TV shows,Celebs,0.0040532278904159445,-0.21686878820808417,3.4381520975521354
Business and Finance,Music,0.003995399767073539,-0.25643217536996066,3.3890993699625227
Music,Business and Finance,0.003995399767073539,-0.25643217536996066,3.3890993699625227
Music,Anime,0.00397747249456419,-0.37604787456277666,3.3738925542472873
Anime,Music,0.00397747249456419,-0.37604787456277666,3.3738925542472873
Food and dining experiences,TV shows,0.0039379284953721385,-0.05713531419725408,3.340349341912932
TV shows,Food and dining experiences,0.0039379284953721385,-0.05713531419725408,3.340349341912932
Celebs,Personal finance tips,0.003907613373839372,-0.17882909290994242,3.3146345285584
Personal finance tips,Celebs,0.003907613373839372,-0.17882909290994242,3.3146345285584
Fashion,New gadgets,0.0038801366921553697,0.3303421196232329,3.2913274228836857
New gadgets,Fashion,0.0038801366921553697,0.3303421196232329,3.2913274228836857
Anime,Food and dining experiences,0.003865827691681993,-0.08070643895469724,3.2791898077972648
Food and dining experiences,Anime,0.003865827691681993,-0.08070643895469724,3.2791898077972648
Movies,Ethics,0.003848248539062089,-0.1695603667893443,3.264278284910475
Ethics,Movies,0.003848248539062089,-0.1695603667893443,3.264278284910475
Fitness,TV shows,0.0037701533065768486,-0.26765147676168083,3.19803397429255
TV shows,Fitness,0.0037701533065768486,-0.26765147676168083,3.19803397429255
Business and Finance,Food and dining experiences,0.0037562509906128136,-0.058121886243172306,3.1862413294956458
Food and dining experiences,Business and Finance,0.0037562509906128136,-0.058121886243172306,3.1862413294956458
Art,Sports,0.0037119348944491173,0.355266844446275,3.148650184092544
Sports,Art,0.0037119348944491173,0.355266844446275,3.148650184092544
Food and dining experiences,Sports,0.0037009287155563386,0.01872612953810661,3.1393141886663507
Sports,Food and dining experiences,0.0037009287155563386,0.01872612953810661,3.1393141886663507
Personal finance tips,Food and dining experiences,0.00368366897559003,-0.05872469058798244,3.124673607684293
Food and dining experiences,Personal finance tips,0.00368366897559003,-0.05872469058798244,3.124673607684293
TV shows,New gadgets,0.003653064902554679,0.3299940927586126,3.0987136911079443
New gadgets,TV shows,0.003653064902554679,0.3299940927586126,3.0987136911079443
Art,Fashion,0.0036275077468695405,0.2986026142275364,3.0770348240908447
Fashion,Art,0.0036275077468695405,0.2986026142275364,3.0770348240908447
Ethics,Sports,0.0036013239800868103,-0.038382166305923573,3.0548244339722124
Sports,Ethics,0.0036013239800868103,-0.038382166305923573,3.0548244339722124
Anime,New gadgets,0.0035711141782554415,0.29142779306199207,3.0291989580943937
New gadgets,Anime,0.0035711141782554415,0.29142779306199207,3.0291989580943937
Food and dining experiences,Celebs,0.0035691784758368574,-0.09960876703043686,3.0275569977826065
Celebs,Food and dining experiences,0.0035691784758368574,-0.09960876703043686,3.0275569977826065
New gadgets,Personal finance tips,0.003545336221116974,0.18904333281888847,3.0073327961606426
Personal finance tips,New gadgets,0.003545336221116974,0.18904333281888847,3.0073327961606426
Art,TV shows,0.0035119416386271266,0.3106567658309857,2.9790058288796186
TV shows,Art,0.0035119416386271266,0.3106567658309857,2.9790058288796186
Anime,Art,0.003511624180000627,0.28621306149864734,2.978736544479112
Art,Anime,0.003511624180000627,0.28621306149864734,2.978736544479112
Business and Finance,New gadgets,0.0035108129168726775,0.1857688478552216,2.978048390222693
New gadgets,Business and Finance,0.0035108129168726775,0.1857688478552216,2.978048390222693
Business and Finance,Art,0.0035010922677071324,0.18756637740518872,2.969802845875899
Art,Business and Finance,0.0035010922677071324,0.18756637740518872,2.969802845875899
Art,Personal finance tips,0.003493693254331724,0.18644552767582967,2.963526629969898
Personal finance tips,Art,0.003493693254331724,0.18644552767582967,2.963526629969898
Music,Personal finance tips,0.0034613788967487722,-0.26573681234896973,2.936115963876442
Personal finance tips,Music,0.0034613788967487722,-0.26573681234896973,2.936115963876442
Anime,Movies,0.003436716319085649,-0.2139082428559665,2.915195923006298
Movies,Anime,0.003436716319085649,-0.2139082428559665,2.915195923006298
New gadgets,Sports,0.003419790775323415,0.3093711149129287,2.9008388240812817
Sports,New gadgets,0.003419790775323415,0.3093711149129287,2.9008388240812817
Dating,Celebs,0.0033795408198099863,-0.19857960304074126,2.8666967840291804
Celebs,Dating,0.0033795408198099863,-0.19857960304074126,2.8666967840291804
Celebs,Friendship,0.003324122210319713,-0.2092022764221078,2.819687927479826
Friendship,Celebs,0.003324122210319713,-0.2092022764221078,2.819687927479826
Food and dining experiences,Nature,0.0032671411244100976,-0.10420926243835096,2.7713536997143007
Nature,Food and dining experiences,0.0032671411244100976,-0.10420926243835096,2.7713536997143007
Fitness,Friendship,0.003197954842690326,-0.24720604322196293,2.712666409967004
Friendship,Fitness,0.003197954842690326,-0.24720604322196293,2.712666409967004
Music,TV shows,0.0031313678019956382,-0.36019503733441366,2.6561839274064845
TV shows,Music,0.0031313678019956382,-0.36019503733441366,2.6561839274064845
Food and dining experiences,Fashion,0.0030576950035354515,-0.017280073842867883,2.5936909481300505
Fashion,Food and dining experiences,0.0030576950035354515,-0.017280073842867883,2.5936909481300505
Ethics,Fashion,0.003039474148502423,-0.07462640985256459,2.578235100927595
Fashion,Ethics,0.003039474148502423,-0.07462640985256459,2.578235100927595
Celebs,Fashion,0.002978695422326382,-0.09724294538867187,2.526679523363646
Fashion,Celebs,0.002978695422326382,-0.09724294538867187,2.526679523363646
Friendship,Music,0.002891721119308927,-0.3154906359407235,2.4529035377943
Music,Friendship,0.002891721119308927,-0.3154906359407235,2.4529035377943
Movies,TV shows,0.0028368377418465157,-0.20475093150248946,2.406348692015872
TV shows,Movies,0.0028368377418465157,-0.20475093150248946,2.406348692015872
Travel,Ethics,0.0028285779347614953,-0.10111574827331381,2.3993423075187437
Ethics,Travel,0.0028285779347614953,-0.10111574827331381,2.3993423075187437
Food and dining experiences,Movies,0.0027807507239003427,-0.08854922376001671,2.358772857739924
Movies,Food and dining experiences,0.0027807507239003427,-0.08854922376001671,2.358772857739924
Kpop,Nature,0.002720981746060411,-0.2602438223464334,2.3080737995856047
Nature,Kpop,0.002720981746060411,-0.2602438223464334,2.3080737995856047
Business and Finance,Movies,0.0027132324712663873,-0.15730663347052212,2.301500474298226
Movies,Business and Finance,0.0027132324712663873,-0.15730663347052212,2.301500474298226
Celebs,Family,0.002686261199397151,-0.20881049620748873,2.2786220826908523
Family,Celebs,0.002686261199397151,-0.20881049620748873,2.2786220826908523
Movies,Personal finance tips,0.0026724234473025563,-0.15657010881014638,2.266884204220724
Personal finance tips,Movies,0.0026724234473025563,-0.15657010881014638,2.266884204220724
Fitness,Family,0.0026170582949699823,-0.24351111281643584,2.219920692725692
Family,Fitness,0.0026170582949699823,-0.24351111281643584,2.219920692725692
Kpop,Business and Finance,0.0025255296356722695,-0.18014988757846018,2.1422814727117707
Business and Finance,Kpop,0.0025255296356722695,-0.18014988757846018,2.1422814727117707
Food and dining experiences,New gadgets,0.002524775589175172,0.0671448845843805,2.141641852484204
New gadgets,Food and dining experiences,0.002524775589175172,0.0671448845843805,2.141641852484204
Nature,New gadgets,0.002508651541739414,0.10163871019404515,2.1279646231225477
New gadgets,Nature,0.002508651541739414,0.10163871019404515,2.1279646231225477
Art,Nature,0.0024964692982484375,0.10362032885770771,2.1176310304542376
Nature,Art,0.0024964692982484375,0.10362032885770771,2.1176310304542376
Life choices,New gadgets,0.002482928278569902,0.18917999173804614,2.106144855368737
New gadgets,Life choices,0.002482928278569902,0.18917999173804614,2.106144855368737
Sports,Celebs,0.0024637584330116117,-0.12476032995746163,2.0898840265927805
Celebs,Sports,0.0024637584330116117,-0.12476032995746163,2.0898840265927805
Art,Food and dining experiences,0.002461630424443438,0.06401164564571192,2.0880789425165616
Food and dining experiences,Art,0.002461630424443438,0.06401164564571192,2.0880789425165616
Dating,Fitness,0.0024544084880037554,-0.27979637044012007,2.0819529321885475
Fitness,Dating,0.0024544084880037554,-0.27979637044012007,2.0819529321885475
Art,Life choices,0.0024511242737785687,0.1882806524441748,2.079167096224615
Life choices,Art,0.0024511242737785687,0.1882806524441748,2.079167096224615
Ethics,Kpop,0.002354279406837248,-0.2070922304967659,1.997018401057788
Kpop,Ethics,0.002354279406837248,-0.2070922304967659,1.997018401057788
Mental health,Gaming,0.002350592265773085,-0.18049764943944524,1.9938907822496528
Gaming,Mental health,0.002350592265773085,-0.18049764943944524,1.9938907822496528
Family,Music,0.0022871621033667116,-0.31531734930352645,1.9400861228962492
Music,Family,0.0022871621033667116,-0.31531734930352645,1.9400861228962492
Dating,Music,0.0022467561600729535,-0.35508772996438903,1.9058117661502358
Music,Dating,0.0022467561600729535,-0.35508772996438903,1.9058117661502358
Celebs,Gaming,0.0021150033025106193,-0.1296789490781268,1.7940523546802973
Gaming,Celebs,0.0021150033025106193,-0.1296789490781268,1.7940523546802973
Art,Mental health,0.0021050475223511273,0.05685007139274731,1.7856073603785796
Mental health,Art,0.0021050475223511273,0.05685007139274731,1.7856073603785796
New gadgets,Mental health,0.002089872507909655,0.049189926710015444,1.77273514861479
Mental health,New gadgets,0.002089872507909655,0.049189926710015444,1.77273514861479
Fashion,Music,0.0020297521285734194,-0.2102271834520874,1.7217380140077605
Music,Fashion,0.0020297521285734194,-0.2102271834520874,1.7217380140077605
Food and dining experiences,Kpop,0.002020293285396024,-0.1130904595705148,1.7137145466898542
Kpop,Food and dining experiences,0.002020293285396024,-0.1130904595705148,1.7137145466898542
Celebs,Travel,0.0019800893113305416,-0.1782070405165459,1.6796115104184384
Travel,Celebs,0.0019800893113305416,-0.1782070405165459,1.6796115104184384
Gaming,Kpop,0.00197762798163222,-0.11413549793470912,1.6775236865669687
Kpop,Gaming,0.00197762798163222,-0.11413549793470912,1.6775236865669687
New gadgets,Hypothetical,0.0019217427193042504,0.008663805733694262,1.6301189915707932
Hypothetical,New gadgets,0.0019217427193042504,0.008663805733694262,1.6301189915707932
Art,Hypothetical,0.0019099833203335052,0.012740415113606223,1.6201440769273754
Hypothetical,Art,0.0019099833203335052,0.012740415113606223,1.6201440769273754
Dating,Movies,0.0019070534779478305,-0.20996513592006485,1.6176588370109068
Movies,Dating,0.0019070534779478305,-0.20996513592006485,1.6176588370109068
Fashion,Kpop,0.0018918385198013722,-0.13695219618330984,1.6047527429841915
Kpop,Fashion,0.0018918385198013722,-0.13695219618330984,1.6047527429841915
Fitness,Sports,0.0018634417491677393,-0.18837806810296098,1.5806651715084823
Sports,Fitness,0.0018634417491677393,-0.18837806810296098,1.5806651715084823
Friendship,Movies,0.0018048835369665513,-0.20215337923670423,1.5309931457671029
Movies,Friendship,0.0018048835369665513,-0.20215337923670423,1.5309931457671029
Food and dining experiences,Ethics,0.0017506958099550451,-0.10843829572074047,1.4850283857478794
Ethics,Food and dining experiences,0.0017506958099550451,-0.10843829572074047,1.4850283857478794
Anime,Kpop,0.001743336720444272,-0.2875848927557867,1.478786035275219
Kpop,Anime,0.001743336720444272,-0.2875848927557867,1.478786035275219
New gadgets,Personal Experiences,0.0017228479192613227,-0.052571789481882944,1.4614064018896762
Personal Experiences,New gadgets,0.0017228479192613227,-0.052571789481882944,1.4614064018896762
Art,Personal Experiences,0.001709473939965792,-0.04869517518514635,1.4500619188725052
Personal Experiences,Art,0.001709473939965792,-0.04869517518514635,1.4500619188725052
Music,Travel,0.0016678867513562465,-0.2736255058552647,1.4147855703387118
Travel,Music,0.0016678867513562465,-0.2736255058552647,1.4147855703387118
Fitness,Fashion,0.0016512118368614585,-0.19428185025162167,1.4006410677850016
Fashion,Fitness,0.0016512118368614585,-0.19428185025162167,1.4006410677850016
Personal finance tips,Kpop,0.001630216206149866,-0.19429432614357917,1.382831516059282
Kpop,Personal finance tips,0.001630216206149866,-0.19429432614357917,1.382831516059282
Gaming,Movies,0.001571970968909707,-0.10513524539762953,1.3334249714474704
Movies,Gaming,0.001571970968909707,-0.10513524539762953,1.3334249714474704
Kpop,TV shows,0.001505445098846692,-0.2789379928380086,1.2769943768985013
TV shows,Kpop,0.001505445098846692,-0.2789379928380086,1.2769943768985013
Family,Movies,0.001495798322462731,-0.20133833536703205,1.2688114951667444
Movies,Family,0.001495798322462731,-0.20133833536703205,1.2688114951667444
Sports,Music,0.0014581191142856056,-0.26533946153830124,1.23685009251909
Music,Sports,0.0014581191142856056,-0.26533946153830124,1.23685009251909
Fitness,Food and dining experiences,0.0014094562849273629,-0.16013950160653592,1.195571829032727
Food and dining experiences,Fitness,0.0014094562849273629,-0.16013950160653592,1.195571829032727
Fashion,Movies,0.001354736451638682,-0.14586101994629333,1.1491557096617844
Movies,Fashion,0.001354736451638682,-0.14586101994629333,1.1491557096617844
Fitness,Travel,0.0013224779240207166,-0.24627059029896,1.1217924013573333
Travel,Fitness,0.0013224779240207166,-0.24627059029896,1.1217924013573333
Movies,Sports,0.001169498770018516,-0.16444396366096242,0.9920277758700545
Sports,Movies,0.001169498770018516,-0.16444396366096242,0.9920277758700545
Travel,Movies,0.0011619290727565316,-0.17758394820140241,0.9856067772924357
Movies,Travel,0.0011619290727565316,-0.17758394820140241,0.9856067772924357
Writing,Global Politics,0.0011374336994136708,0.11841112866324877,0.9648285675504622
Global Politics,Writing,0.0011374336994136708,0.11841112866324877,0.9648285675504622
Friendship,Kpop,0.0011096112704362692,-0.24768588816995982,0.9412281816027991
Kpop,Friendship,0.0011096112704362692,-0.24768588816995982,0.9412281816027991
Current Events,Writing,0.0010730228022462296,0.11326472778848198,0.9101919995634775
Writing,Current Events,0.0010730228022462296,0.11326472778848198,0.9101919995634775
Dating,Kpop,0.0010085396021766602,-0.27503238846395717,0.8554941006123005
Kpop,Dating,0.0010085396021766602,-0.27503238846395717,0.8554941006123005
Ethics,New gadgets,0.0010072623978169793,-0.08595636361163249,0.8544107115290903
New gadgets,Ethics,0.0010072623978169793,-0.08595636361163249,0.8544107115290903
Ethics,Art,0.0009624265566303987,-0.08820947935438829,0.8163786922129158
Art,Ethics,0.0009624265566303987,-0.08820947935438829,0.8163786922129158
Family,Kpop,0.0008942736042450978,-0.2481347959810627,0.7585679244660652
Kpop,Family,0.0008942736042450978,-0.2481347959810627,0.7585679244660652
Fitness,Gaming,0.0008363650649627929,-0.159383302674068,0.7094469840248888
Gaming,Fitness,0.0008363650649627929,-0.159383302674068,0.7094469840248888
Social justice,Writing,0.0008351851400537946,0.08559181560139038,0.7084461122726691
Writing,Social justice,0.0008351851400537946,0.08559181560139038,0.7084461122726691
Fashion,Writing,0.0007873388755668015,0.20756364710231762,0.6678605002484934
Writing,Fashion,0.0007873388755668015,0.20756364710231762,0.6678605002484934
TV shows,Gaming,0.0007528169993036535,-0.15692054675739533,0.6385773055960956
Gaming,TV shows,0.0007528169993036535,-0.15692054675739533,0.6385773055960956
Celebs,New gadgets,0.0007349698945305143,-0.14201216106253636,0.6234384921935499
New gadgets,Celebs,0.0007349698945305143,-0.14201216106253636,0.6234384921935499
Current Events,Social justice,0.0007296643110722995,0.06764876770312891,0.6189380290099397
Social justice,Current Events,0.0007296643110722995,0.06764876770312891,0.6189380290099397
Kpop,Travel,0.0007083422102504715,-0.22322628027259053,0.6008515488892122
Travel,Kpop,0.0007083422102504715,-0.22322628027259053,0.6008515488892122
Gaming,Sports,0.0007056422562134434,-0.10832439244980278,0.5985613118518001
Sports,Gaming,0.0007056422562134434,-0.10832439244980278,0.5985613118518001
Celebs,Art,0.0006904039475980574,-0.14487012157751436,0.5856354107809477
Art,Celebs,0.0006904039475980574,-0.14487012157751436,0.5856354107809477
Gaming,Nature,0.0006869306524198792,-0.15344665238631644,0.5826891868268226
Nature,Gaming,0.0006869306524198792,-0.15344665238631644,0.5826891868268226
Anime,Gaming,0.0006784434030073443,-0.16262699570026695,0.5754898742889923
Gaming,Anime,0.0006784434030073443,-0.16262699570026695,0.5754898742889923
Music,New gadgets,0.0006451223747827674,-0.2098624524424303,0.5472252994414215
New gadgets,Music,0.0006451223747827674,-0.2098624524424303,0.5472252994414215
Business and Finance,Gaming,0.0006442887840497186,-0.10937961259904312,0.5465182057854965
Gaming,Business and Finance,0.0006442887840497186,-0.10937961259904312,0.5465182057854965
Sports,Kpop,0.0006328828101008479,-0.21587297255065596,0.5368430840511222
Kpop,Sports,0.0006328828101008479,-0.21587297255065596,0.5368430840511222
US Politics,Writing,0.0006289878935184529,0.0612047273320394,0.5335392195807291
Writing,US Politics,0.0006289878935184529,0.0612047273320394,0.5335392195807291
Ethics,Gaming,0.0006288665151200566,-0.11593104293991109,0.5334362603081871
Gaming,Ethics,0.0006288665151200566,-0.11593104293991109,0.5334362603081871
Art,Music,0.0006259702427810855,-0.20928263324639051,0.5309794961965858
Music,Art,0.0006259702427810855,-0.20928263324639051,0.5309794961965858
Global Politics,Social justice,0.0006011844102167112,0.05381280526627388,0.5099549043096405
Social justice,Global Politics,0.0006011844102167112,0.05381280526627388,0.5099549043096405
Gaming,Personal finance tips,0.0005870559352131472,-0.10938295366095618,0.49797042002155584
Personal finance tips,Gaming,0.0005870559352131472,-0.10938295366095618,0.49797042002155584
Travel,Gaming,0.0005717631927635354,-0.11855266961181245,0.4849983454301462
Gaming,Travel,0.0005717631927635354,-0.11855266961181245,0.4849983454301462
Art,Fitness,0.0005610573623107171,-0.18080356520993843,0.47591712068222874
Fitness,Art,0.0005610573623107171,-0.18080356520993843,0.47591712068222874
Fashion,Gaming,0.0005290104959553349,-0.10510721984390496,0.4487333541241575
Gaming,Fashion,0.0005290104959553349,-0.10510721984390496,0.4487333541241575
Fitness,New gadgets,0.0005172389867716001,-0.1900530848191803,0.4387481669879715
New gadgets,Fitness,0.0005172389867716001,-0.1900530848191803,0.4387481669879715
Social justice,Travel,0.0005022676478686652,0.1639972068101876,0.42604872307710684
Travel,Social justice,0.0005022676478686652,0.1639972068101876,0.42604872307710684
Travel,Current Events,0.0004944662699368351,0.1732656665996724,0.4194312012832937
Current Events,Travel,0.0004944662699368351,0.1732656665996724,0.4194312012832937
New gadgets,Writing,0.00048280859521445443,0.10613790129890006,0.4095425742721881
Writing,New gadgets,0.00048280859521445443,0.10613790129890006,0.4095425742721881
Current Events,Fashion,0.0004787622426313766,0.14705624437424003,0.40611025415669694
Fashion,Current Events,0.0004787622426313766,0.14705624437424003,0.40611025415669694
Current Events,Sports,0.00047821756932651504,0.161795818290823,0.405648234818969
Sports,Current Events,0.00047821756932651504,0.161795818290823,0.405648234818969
Movies,New gadgets,0.00047446102148345686,-0.137281136007174,0.4024617416842738
New gadgets,Movies,0.00047446102148345686,-0.137281136007174,0.4024617416842738
Gaming,Friendship,0.00047197542518091946,-0.13769671972977973,0.4003533336765613
Friendship,Gaming,0.00047197542518091946,-0.13769671972977973,0.4003533336765613
Global Politics,Travel,0.0004712311523543471,0.16667932221179357,0.39972200396872976
Travel,Global Politics,0.0004712311523543471,0.16667932221179357,0.39972200396872976
Fashion,Global Politics,0.00045861908461460906,0.14234590256407287,0.3890238127181509
Global Politics,Fashion,0.00045861908461460906,0.14234590256407287,0.3890238127181509
Travel,Writing,0.00045124676115329765,0.11546499777562283,0.38277023654191983
Writing,Travel,0.00045124676115329765,0.11546499777562283,0.38277023654191983
Dating,Gaming,0.000432022550424367,-0.15503558787827823,0.36646329248931825
Gaming,Dating,0.000432022550424367,-0.15503558787827823,0.36646329248931825
Gaming,Family,0.0004285233451837591,-0.13712303384518768,0.363495090314896
Family,Gaming,0.0004285233451837591,-0.13712303384518768,0.363495090314896
Art,Movies,0.00041604605278385015,-0.14106046694476151,0.35291122229751787
Movies,Art,0.00041604605278385015,-0.14106046694476151,0.35291122229751787
Current Events,Food and dining experiences,0.00041248881904912526,0.07849348802275229,0.34989379743092036
Food and dining experiences,Current Events,0.00041248881904912526,0.07849348802275229,0.34989379743092036
Global Politics,Sports,0.00040162227520150874,0.13366498590477568,0.3406762474848227
Sports,Global Politics,0.00040162227520150874,0.13366498590477568,0.3406762474848227
Food and dining experiences,Global Politics,0.00039295507823387284,0.07558336150875772,0.33332429436502986
Global Politics,Food and dining experiences,0.00039295507823387284,0.07558336150875772,0.33332429436502986
US Politics,Travel,0.00038530915268400343,0.1379408876048691,0.3268386351132592
Travel,US Politics,0.00038530915268400343,0.1379408876048691,0.3268386351132592
Fashion,US Politics,0.0003744654721426396,0.11757135132270713,0.3176404789753744
US Politics,Fashion,0.0003744654721426396,0.11757135132270713,0.3176404789753744
Art,Social justice,0.00035776635167649015,0.08705462123463037,0.30347544369726287
Social justice,Art,0.00035776635167649015,0.08705462123463037,0.30347544369726287
Sports,Writing,0.00035131338203459706,0.07780628139165845,0.29800170974754453
Writing,Sports,0.00035131338203459706,0.07780628139165845,0.29800170974754453
Sports,US Politics,0.0003466275727735743,0.11798961983431532,0.29402697026210656
US Politics,Sports,0.0003466275727735743,0.11798961983431532,0.29402697026210656
TV shows,Current Events,0.0003401890479918203,0.13797528340458948,0.2885654891704877
Current Events,TV shows,0.0003401890479918203,0.13797528340458948,0.2885654891704877
Food and dining experiences,US Politics,0.0003369187858732161,0.06630830266735241,0.2857914880862628
US Politics,Food and dining experiences,0.0003369187858732161,0.06630830266735241,0.2857914880862628
Food and dining experiences,Horoscope,0.0003282934451401207,0.05192546314027594,0.27847503953331687
Horoscope,Food and dining experiences,0.0003282934451401207,0.05192546314027594,0.27847503953331687
Global Politics,TV shows,0.00032815655197156375,0.13519294725914757,0.2783589198510934
TV shows,Global Politics,0.00032815655197156375,0.13519294725914757,0.2783589198510934
New gadgets,Social justice,0.00031473688415869047,0.07411667330736481,0.26697568153173296
Social justice,New gadgets,0.00031473688415869047,0.07411667330736481,0.26697568153173296
New gadgets,Horoscope,0.00031418481220000697,0.07116472871263865,0.2665073862830904
Horoscope,New gadgets,0.00031418481220000697,0.07116472871263865,0.2665073862830904
Horoscope,Travel,0.00030939877146632047,0.08519596990680531,0.26244762541289524
Travel,Horoscope,0.00030939877146632047,0.08519596990680531,0.26244762541289524
Food and dining experiences,Writing,0.00030728827842138053,0.03578151868306559,0.2606573988859124
Writing,Food and dining experiences,0.00030728827842138053,0.03578151868306559,0.2606573988859124
Food and dining experiences,Social justice,0.0003066592749588399,0.048867647593613575,0.26012384645990266
Social justice,Food and dining experiences,0.0003066592749588399,0.048867647593613575,0.26012384645990266
TV shows,US Politics,0.0002938943591565384,0.1255354897806738,0.24929600178219927
US Politics,TV shows,0.0002938943591565384,0.1255354897806738,0.24929600178219927
TV shows,Social justice,0.0002857592406756383,0.09914464480864578,0.24239538444087538
Social justice,TV shows,0.0002857592406756383,0.09914464480864578,0.24239538444087538
Gaming,New gadgets,0.00028284335314701225,-0.09054598884683684,0.23992198173719892
New gadgets,Gaming,0.00028284335314701225,-0.09054598884683684,0.23992198173719892
Kpop,New gadgets,0.0002662173879347226,-0.17682709421657883,0.22581900043095995
New gadgets,Kpop,0.0002662173879347226,-0.17682709421657883,0.22581900043095995
Current Events,Family,0.00025370491358211463,0.07822003784014007,0.215205289308842
Family,Current Events,0.00025370491358211463,0.07822003784014007,0.215205289308842
Family,Global Politics,0.00025282731105484747,0.08060626618669536,0.2144608626317545
Global Politics,Family,0.00025282731105484747,0.08060626618669536,0.2144608626317545
Current Events,New gadgets,0.0002451311856511573,0.05720308063923489,0.2079326213349134
New gadgets,Current Events,0.0002451311856511573,0.05720308063923489,0.2079326213349134
Art,Gaming,0.00024135309619669571,-0.09186418178986912,0.20472785552016326
Gaming,Art,0.00024135309619669571,-0.09186418178986912,0.20472785552016326
Art,Writing,0.00024097901218083883,0.034661417688325744,0.20441053861162717
Writing,Art,0.00024097901218083883,0.034661417688325744,0.20441053861162717
Fashion,Social justice,0.00024006300838681782,0.053442526767952185,0.20363353804543008
Social justice,Fashion,0.00024006300838681782,0.053442526767952185,0.20363353804543008
Family,US Politics,0.00023924388904585957,0.08122537000386595,0.20293871975334235
US Politics,Family,0.00023924388904585957,0.08122537000386595,0.20293871975334235
Kpop,Art,0.00023575174141272394,-0.17792643287996482,0.1999765041971391
Art,Kpop,0.00023575174141272394,-0.17792643287996482,0.1999765041971391
Friendship,Writing,0.00021950948076585324,0.0342765033427027,0.18619900043425636
Writing,Friendship,0.00021950948076585324,0.0342765033427027,0.18619900043425636
Social justice,US Politics,0.00021698706998576778,0.016364122133969036,0.1840593645319807
US Politics,Social justice,0.00021698706998576778,0.016364122133969036,0.1840593645319807
Global Politics,New gadgets,0.00021556747203924488,0.049048117318302595,0.18285519003464754
New gadgets,Global Politics,0.00021556747203924488,0.049048117318302595,0.18285519003464754
Social justice,Sports,0.000208906892003359,0.04698431870131769,0.17720535048936972
Sports,Social justice,0.000208906892003359,0.04698431870131769,0.17720535048936972
TV shows,Writing,0.00019846048185230382,0.03122746669749363,0.16834417911095642
Writing,TV shows,0.00019846048185230382,0.03122746669749363,0.16834417911095642
Horoscope,TV shows,0.0001980253734829729,0.056000645693094396,0.16797509827140758
TV shows,Horoscope,0.0001980253734829729,0.056000645693094396,0.16797509827140758
Horoscope,Art,0.00019339521322965568,0.03489759161144383,0.1640475630778926
Art,Horoscope,0.00019339521322965568,0.03489759161144383,0.1640475630778926
Writing,Business and Finance,0.00018746960780490355,0.0174211784184433,0.15902116602566882
Business and Finance,Writing,0.00018746960780490355,0.0174211784184433,0.15902116602566882
Personal finance tips,Writing,0.00017612416481177693,0.013941437076237876,0.1493973896974956
Writing,Personal finance tips,0.00017612416481177693,0.013941437076237876,0.1493973896974956
Current Events,Friendship,0.00016706026897917348,0.03939480518665203,0.1417089366148189
Friendship,Current Events,0.00016706026897917348,0.03939480518665203,0.1417089366148189
Friendship,Global Politics,0.00016631445440299584,0.041606544465273176,0.14107629911729913
Global Politics,Friendship,0.00016631445440299584,0.041606544465273176,0.14107629911729913
Life choices,Writing,0.00016603324754472514,0.03548027298535794,0.14083776529296235
Writing,Life choices,0.00016603324754472514,0.03548027298535794,0.14083776529296235
Nature,Writing,0.00016447032484659383,0.014471746557194546,0.13951201552063938
Writing,Nature,0.00016447032484659383,0.014471746557194546,0.13951201552063938
Dating,Writing,0.00016386435261386235,0.015251230355039572,0.13899799934406307
Writing,Dating,0.00016386435261386235,0.015251230355039572,0.13899799934406307
US Politics,Friendship,0.00015513699812507763,0.042657414836670814,0.13159501758410655
Friendship,US Politics,0.00015513699812507763,0.042657414836670814,0.13159501758410655
Current Events,Horoscope,0.00013558672487971388,0.008288892570878448,0.11501149087809474
Horoscope,Current Events,0.00013558672487971388,0.008288892570878448,0.11501149087809474
Family,Writing,0.00013349934986143648,0.001856760438634993,0.1132408742260091
Writing,Family,0.00013349934986143648,0.001856760438634993,0.1132408742260091
Hypothetical,Writing,0.00012879954818853607,-0.0012491825647728348,0.1092542656718813
Writing,Hypothetical,0.00012879954818853607,-0.0012491825647728348,0.1092542656718813
Business and Finance,Current Events,0.00012703010900788847,0.01712163412887807,0.10775333821482432
Current Events,Business and Finance,0.00012703010900788847,0.01712163412887807,0.10775333821482432
Global Politics,Horoscope,0.0001262934129673437,0.007401601834220133,0.10712843551861854
Horoscope,Global Politics,0.0001262934129673437,0.007401601834220133,0.10712843551861854
Horoscope,Movies,0.00012560838314386855,0.015026226709388581,0.10654735871066608
Movies,Horoscope,0.00012560838314386855,0.015026226709388581,0.10654735871066608
Writing,Anime,0.00012407299675171684,-0.0024360485857649328,0.10524496662034921
Anime,Writing,0.00012407299675171684,-0.0024360485857649328,0.10524496662034921
Current Events,Personal finance tips,0.0001233252172574345,0.015733162936168988,0.10461066238030081
Personal finance tips,Current Events,0.0001233252172574345,0.015733162936168988,0.10461066238030081
Business and Finance,Global Politics,0.0001225845571736371,0.0174865295049326,0.10398239718290037
Global Politics,Business and Finance,0.0001225845571736371,0.0174865295049326,0.10398239718290037
Celebs,Writing,0.00011948510921167273,-0.004099386996986097,0.10135328927192426
Writing,Celebs,0.00011948510921167273,-0.004099386996986097,0.10135328927192426
Global Politics,Personal finance tips,0.00011859315739837055,0.015986067725482864,0.1005966908075074
Personal finance tips,Global Politics,0.00011859315739837055,0.015986067725482864,0.1005966908075074
Personal Experiences,Writing,0.00011838728405961348,-0.010855638316009063,0.1004220586697114
Writing,Personal Experiences,0.00011838728405961348,-0.010855638316009063,0.1004220586697114
Anime,Current Events,0.00011671642916247833,0.02019458023268043,0.09900475536858837
Current Events,Anime,0.00011671642916247833,0.02019458023268043,0.09900475536858837
Horoscope,Writing,0.00011531425398727247,0.006461107734532172,0.09781535974364243
Writing,Horoscope,0.00011531425398727247,0.006461107734532172,0.09781535974364243
Global Politics,Anime,0.00011472079212516013,0.02200657608255149,0.09731195549369552
Anime,Global Politics,0.00011472079212516013,0.02200657608255149,0.09731195549369552
Movies,Social justice,0.00011395400616867122,0.008850991371573426,0.09666152901486132
Social justice,Movies,0.00011395400616867122,0.008850991371573426,0.09666152901486132
Mental health,Writing,0.00011267858079765179,-0.009649733170364832,0.09557964895945893
Writing,Mental health,0.00011267858079765179,-0.009649733170364832,0.09557964895945893
Mental health,Social justice,0.00011163055563775452,0.014821519903790126,0.09469066121951263
Social justice,Mental health,0.00011163055563775452,0.014821519903790126,0.09469066121951263
Celebs,Social justice,0.00011010738793662338,0.009594438097548225,0.0933986336384949
Social justice,Celebs,0.00011010738793662338,0.009594438097548225,0.0933986336384949
Hypothetical,Social justice,0.0001081346400114374,0.01860907297223508,0.09172524946166201
Social justice,Hypothetical,0.0001081346400114374,0.01860907297223508,0.09172524946166201
New gadgets,US Politics,0.00010677469777438988,0.016146629968590658,0.0905716779425499
US Politics,New gadgets,0.00010677469777438988,0.016146629968590658,0.0905716779425499
Software updates,Social justice,0.00010476564781329528,0.12228013147739285,0.0888675005499692
Social justice,Software updates,0.00010476564781329528,0.12228013147739285,0.0888675005499692
Horoscope,Mental health,0.00010469310669216827,0.0155395614547532,0.08880596751642046
Mental health,Horoscope,0.00010469310669216827,0.0155395614547532,0.08880596751642046
Business and Finance,US Politics,0.0001029940240078674,0.01501749869530999,0.08736471998411256
US Politics,Business and Finance,0.0001029940240078674,0.01501749869530999,0.08736471998411256
Personal finance tips,US Politics,0.0001025797016060237,0.0147908566706934,0.08701327084937971
US Politics,Personal finance tips,0.0001025797016060237,0.0147908566706934,0.08701327084937971
Anime,US Politics,0.00010086471656347657,0.021335316686193834,0.08555853413564934
US Politics,Anime,0.00010086471656347657,0.021335316686193834,0.08555853413564934
Movies,Writing,9.953283468499061e-05,-0.00924789589250117,0.08442876482634504
Writing,Movies,9.953283468499061e-05,-0.00924789589250117,0.08442876482634504
Music,Social justice,9.836789800540124e-05,0.006106103864698422,0.0834406068454143
Social justice,Music,9.836789800540124e-05,0.006106103864698422,0.0834406068454143
Hypothetical,Horoscope,9.714100769275749e-05,0.016471533052229835,0.08239989667171378
Horoscope,Hypothetical,9.714100769275749e-05,0.016471533052229835,0.08239989667171378
Horoscope,Music,9.613746054390709e-05,0.009885604928872005,0.08154863742153173
Music,Horoscope,9.613746054390709e-05,0.009885604928872005,0.08154863742153173
Nature,Social justice,9.43769433604459e-05,0.0031244588124317756,0.08005527805197689
Social justice,Nature,9.43769433604459e-05,0.0031244588124317756,0.08005527805197689
Current Events,Life choices,9.397466163135863e-05,0.01772120023463078,0.07971404242248299
Life choices,Current Events,9.397466163135863e-05,0.01772120023463078,0.07971404242248299
Ethics,Writing,8.876966842882451e-05,-0.01282367173725191,0.07529890496146033
Writing,Ethics,8.876966842882451e-05,-0.01282367173725191,0.07529890496146033
Global Politics,Life choices,8.800963690298004e-05,0.01693529733370392,0.07465420793098575
Life choices,Global Politics,8.800963690298004e-05,0.01693529733370392,0.07465420793098575
Art,Current Events,8.775893426021847e-05,0.004028042664249543,0.07444154931904076
Current Events,Art,8.775893426021847e-05,0.004028042664249543,0.07444154931904076
Gaming,Writing,8.538786583370092e-05,-0.007834486953973608,0.07243028962566231
Writing,Gaming,8.538786583370092e-05,-0.007834486953973608,0.07243028962566231
Social justice,Kpop,8.259168908988042e-05,-0.0019488753390027047,0.07005843164066597
Kpop,Social justice,8.259168908988042e-05,-0.0019488753390027047,0.07005843164066597
Current Events,Nature,8.126816158466924e-05,0.0012919728321854193,0.06893574893166517
Nature,Current Events,8.126816158466924e-05,0.0012919728321854193,0.06893574893166517
Life choices,Social justice,8.016437393060043e-05,-0.008555812363946556,0.06799946063485801
Social justice,Life choices,8.016437393060043e-05,-0.008555812363946556,0.06799946063485801
Music,Writing,8.006793960041183e-05,-0.026192691689277663,0.06791766017764761
Writing,Music,8.006793960041183e-05,-0.026192691689277663,0.06791766017764761
Current Events,Mental health,7.94821026450863e-05,0.000513123256524227,0.06742072375777872
Mental health,Current Events,7.94821026450863e-05,0.000513123256524227,0.06742072375777872
Global Politics,Nature,7.846614453559031e-05,0.002471597886456969,0.06655893690551508
Nature,Global Politics,7.846614453559031e-05,0.002471597886456969,0.06655893690551508
Current Events,Software updates,7.698013823738006e-05,0.08468342196985984,0.06529843149863973
Software updates,Current Events,7.698013823738006e-05,0.08468342196985984,0.06529843149863973
Dating,Current Events,7.660174517030255e-05,-0.0007901252737970883,0.06497745943576906
Current Events,Dating,7.660174517030255e-05,-0.0007901252737970883,0.06497745943576906
Global Politics,Mental health,7.659387793387874e-05,0.002027196927249566,0.06497078604948442
Mental health,Global Politics,7.659387793387874e-05,0.002027196927249566,0.06497078604948442
Horoscope,Life choices,7.636092934863296e-05,-0.0015536895945865927,0.06477318732357058
Life choices,Horoscope,7.636092934863296e-05,-0.0015536895945865927,0.06477318732357058
Life choices,US Politics,7.554439726507347e-05,0.016637457910639506,0.06408056367355405
US Politics,Life choices,7.554439726507347e-05,0.016637457910639506,0.06408056367355405
Horoscope,Nature,7.540389514959863e-05,-0.00098818085152534,0.06396138270073667
Nature,Horoscope,7.540389514959863e-05,-0.00098818085152534,0.06396138270073667
Current Events,Hypothetical,7.393534976910855e-05,-0.004730288430071135,0.06271568852394951
Hypothetical,Current Events,7.393534976910855e-05,-0.004730288430071135,0.06271568852394951
Dating,Social justice,7.324985487586929e-05,-0.0066255094357182895,0.06213421722039298
Social justice,Dating,7.324985487586929e-05,-0.0066255094357182895,0.06213421722039298
Art,Global Politics,7.279232063237302e-05,0.0006342150668958604,0.06174611362456551
Global Politics,Art,7.279232063237302e-05,0.0006342150668958604,0.06174611362456551
Writing,Software updates,7.116232138329181e-05,0.10863040288355084,0.06036346614242213
Software updates,Writing,7.116232138329181e-05,0.10863040288355084,0.06036346614242213
US Politics,Nature,7.116046960424998e-05,0.004829953721843038,0.060361895370146544
Nature,US Politics,7.116046960424998e-05,0.004829953721843038,0.060361895370146544
Celebs,Horoscope,7.070828983984897e-05,-0.0028298270925847927,0.059978333713245374
Horoscope,Celebs,7.070828983984897e-05,-0.0028298270925847927,0.059978333713245374
Celebs,Current Events,6.94231824646177e-05,-0.004225688976750768,0.058888240894092864
Current Events,Celebs,6.94231824646177e-05,-0.004225688976750768,0.058888240894092864
Dating,Global Politics,6.897220789464951e-05,-0.0020749543764580604,0.058505701543827095
Global Politics,Dating,6.897220789464951e-05,-0.0020749543764580604,0.058505701543827095
Global Politics,Hypothetical,6.805743128076914e-05,-0.005428878243708582,0.05772974193365041
Hypothetical,Global Politics,6.805743128076914e-05,-0.005428878243708582,0.05772974193365041
Mental health,US Politics,6.732134785137284e-05,0.0038402396478389765,0.05710535888508401
US Politics,Mental health,6.732134785137284e-05,0.0038402396478389765,0.05710535888508401
Horoscope,Kpop,6.591570729168718e-05,-0.004153213124409286,0.055913023746436856
Kpop,Horoscope,6.591570729168718e-05,-0.004153213124409286,0.055913023746436856
Social justice,Gaming,6.512773941685639e-05,-0.004420946745143982,0.05524462969732377
Gaming,Social justice,6.512773941685639e-05,-0.004420946745143982,0.05524462969732377
Celebs,Global Politics,6.50050017721497e-05,-0.0039034744670725504,0.05514051744358282
Global Politics,Celebs,6.50050017721497e-05,-0.0039034744670725504,0.05514051744358282
Horoscope,US Politics,6.19159035518364e-05,0.0021595540154108225,0.052520188704893306
US Politics,Horoscope,6.19159035518364e-05,0.0021595540154108225,0.052520188704893306
Global Politics,Software updates,6.003071237626018e-05,0.06174070162574495,0.050921074574172914
Software updates,Global Politics,6.003071237626018e-05,0.06174070162574495,0.050921074574172914
Horoscope,Personal Experiences,5.9424774545735565e-05,-0.017320705773485552,0.05040708757928164
Personal Experiences,Horoscope,5.9424774545735565e-05,-0.017320705773485552,0.05040708757928164
Fitness,Writing,5.7917314496387084e-05,-0.031005287780162344,0.04912838401985467
Writing,Fitness,5.7917314496387084e-05,-0.031005287780162344,0.04912838401985467
Hypothetical,US Politics,5.639620004703637e-05,-0.005249667230762133,0.04783809811043956
US Politics,Hypothetical,5.639620004703637e-05,-0.005249667230762133,0.04783809811043956
Personal Experiences,Social justice,5.448188465463492e-05,-0.03372273094895598,0.04621427935173514
Social justice,Personal Experiences,5.448188465463492e-05,-0.03372273094895598,0.04621427935173514
Social justice,Anime,5.289938459621388e-05,-0.01733266879255828,0.044871923076110494
Anime,Social justice,5.289938459621388e-05,-0.01733266879255828,0.044871923076110494
US Politics,Celebs,5.2353871961900184e-05,-0.0043149059586999805,0.04440919177685597
Celebs,US Politics,5.2353871961900184e-05,-0.0043149059586999805,0.04440919177685597
Dating,US Politics,5.097311854160924e-05,-0.005332464770308804,0.04323796716365308
US Politics,Dating,5.097311854160924e-05,-0.005332464770308804,0.04323796716365308
Current Events,Ethics,5.0506315383319294e-05,-0.01029823304303807,0.04284200120733133
Ethics,Current Events,5.0506315383319294e-05,-0.01029823304303807,0.04284200120733133
Fitness,Horoscope,4.90331731520416e-05,-0.012794766692079414,0.041592407750117584
Horoscope,Fitness,4.90331731520416e-05,-0.012794766692079414,0.041592407750117584
Business and Finance,Social justice,4.8863941601221706e-05,-0.012938100328158501,0.041448857022856674
Social justice,Business and Finance,4.8863941601221706e-05,-0.012938100328158501,0.041448857022856674
Ethics,Global Politics,4.827918126455333e-05,-0.009280587539827252,0.04095283384517264
Global Politics,Ethics,4.827918126455333e-05,-0.009280587539827252,0.04095283384517264
Current Events,Gaming,4.6723014922620905e-05,-0.006614685216534457,0.0396328151545616
Gaming,Current Events,4.6723014922620905e-05,-0.006614685216534457,0.0396328151545616
Social justice,Personal finance tips,4.499128128918191e-05,-0.014156955948013233,0.03816387144224572
Personal finance tips,Social justice,4.499128128918191e-05,-0.014156955948013233,0.03816387144224572
US Politics,Ethics,4.470862162207062e-05,-0.006329800601255382,0.037924105272258084
Ethics,US Politics,4.470862162207062e-05,-0.006329800601255382,0.037924105272258084
Kpop,Writing,4.291435445695806e-05,-0.029477302855424062,0.03640211746794847
Writing,Kpop,4.291435445695806e-05,-0.029477302855424062,0.03640211746794847
Current Events,Music,4.153430055028452e-05,-0.022866987323775876,0.035231486217437234
Music,Current Events,4.153430055028452e-05,-0.022866987323775876,0.035231486217437234
Horoscope,Software updates,3.9999262044809674e-05,0.037348692526179325,0.033929389222126155
Software updates,Horoscope,3.9999262044809674e-05,0.037348692526179325,0.033929389222126155
Friendship,Social justice,3.721860529788092e-05,-0.02108674692035549,0.03157069608038808
Social justice,Friendship,3.721860529788092e-05,-0.02108674692035549,0.03157069608038808
Current Events,Personal Experiences,3.637166981803446e-05,-0.045224795949962926,0.030852282737923238
Personal Experiences,Current Events,3.637166981803446e-05,-0.045224795949962926,0.030852282737923238
Family,Social justice,3.6065969834073836e-05,-0.021573227152676705,0.030592972610416932
Social justice,Family,3.6065969834073836e-05,-0.021573227152676705,0.030592972610416932
Music,Global Politics,3.568904877648638e-05,-0.02342343794332207,0.030273249180155306
Global Politics,Music,3.568904877648638e-05,-0.02342343794332207,0.030273249180155306
Fashion,Horoscope,3.549182708168906e-05,-0.013338629176902834,0.03010595580263426
Horoscope,Fashion,3.549182708168906e-05,-0.013338629176902834,0.03010595580263426
Gaming,Horoscope,3.477633183660272e-05,-0.007838942250186763,0.02949903668922864
Horoscope,Gaming,3.477633183660272e-05,-0.007838942250186763,0.02949903668922864
Gaming,Global Politics,3.347455340734689e-05,-0.008346400100221646,0.028394802642167753
Global Politics,Gaming,3.347455340734689e-05,-0.008346400100221646,0.028394802642167753
Art,US Politics,3.342230358857248e-05,-0.008954340867814246,0.028350481713546708
US Politics,Art,3.342230358857248e-05,-0.008954340867814246,0.028350481713546708
Global Politics,Personal Experiences,3.334058188386465e-05,-0.04320678333998678,0.028281161246488554
Personal Experiences,Global Politics,3.334058188386465e-05,-0.04320678333998678,0.028281161246488554
Ethics,Horoscope,3.247158264555014e-05,-0.014565345675191504,0.027544032312522882
Horoscope,Ethics,3.247158264555014e-05,-0.014565345675191504,0.027544032312522882
Fitness,Social justice,3.004242916188813e-05,-0.027610546786743885,0.025483501947359637
Social justice,Fitness,3.004242916188813e-05,-0.027610546786743885,0.025483501947359637
US Politics,Music,2.861690864075517e-05,-0.020804041275387975,0.024274303623863954
Music,US Politics,2.861690864075517e-05,-0.020804041275387975,0.024274303623863954
Current Events,Movies,2.8005213914236653e-05,-0.018074733582472247,0.023755433339759255
Movies,Current Events,2.8005213914236653e-05,-0.018074733582472247,0.023755433339759255
Personal Experiences,US Politics,2.499211266305244e-05,-0.04009602495729189,0.02119956905899885
US Politics,Personal Experiences,2.499211266305244e-05,-0.04009602495729189,0.02119956905899885
Horoscope,Sports,2.487696378446538e-05,-0.018428724938583153,0.021101893979001248
Sports,Horoscope,2.487696378446538e-05,-0.018428724938583153,0.021101893979001248
Global Politics,Movies,2.1325683257760608e-05,-0.018732457204573474,0.018089518923367975
Movies,Global Politics,2.1325683257760608e-05,-0.018732457204573474,0.018089518923367975
Software updates,US Politics,2.1120196159549278e-05,0.017449218752516118,0.01791521441426161
US Politics,Software updates,2.1120196159549278e-05,0.017449218752516118,0.01791521441426161
New gadgets,Software updates,1.9824202441047838e-05,0.12914216468617842,0.016815887250295296
Software updates,New gadgets,1.9824202441047838e-05,0.12914216468617842,0.016815887250295296
Social justice,Ethics,1.890751380063864e-05,-0.023809269024978038,0.0160383057628893
Ethics,Social justice,1.890751380063864e-05,-0.023809269024978038,0.0160383057628893
Current Events,Kpop,1.431818655750593e-05,-0.025607355808825588,0.012145407185772618
Kpop,Current Events,1.431818655750593e-05,-0.025607355808825588,0.012145407185772618
Fashion,Software updates,1.312769121604733e-05,0.08945263638978167,0.011135569060203543
Software updates,Fashion,1.312769121604733e-05,0.08945263638978167,0.011135569060203543
Software updates,Travel,1.2611549990066161e-05,0.09675538085745006,0.010697752069223009
Travel,Software updates,1.2611549990066161e-05,0.09675538085745006,0.010697752069223009
Dating,Horoscope,1.1626664538163747e-05,-0.02921081740749929,0.009862322610565214
Horoscope,Dating,1.1626664538163747e-05,-0.02921081740749929,0.009862322610565214
Global Politics,Kpop,1.1587501048497273e-05,-0.024796093475535054,0.009829102165580457
Kpop,Global Politics,1.1587501048497273e-05,-0.024796093475535054,0.009829102165580457
Gaming,US Politics,1.132572257987972e-05,-0.01068578663815086,0.009607048480146287
US Politics,Gaming,1.132572257987972e-05,-0.01068578663815086,0.009607048480146287
Movies,US Politics,1.0321931133904466e-05,-0.018751826983708222,0.008755582004835285
US Politics,Movies,1.0321931133904466e-05,-0.018751826983708222,0.008755582004835285
Software updates,Food and dining experiences,1.0210685699780145e-05,0.042457436073354664,0.00866121802308582
Food and dining experiences,Software updates,1.0210685699780145e-05,0.042457436073354664,0.00866121802308582
Family,Horoscope,9.528410459510913e-06,-0.026595370945091425,0.008082477791384013
Horoscope,Family,9.528410459510913e-06,-0.026595370945091425,0.008082477791384013
Software updates,Sports,9.486523709264364e-06,0.06592382705277967,0.008046947339577852
Sports,Software updates,9.486523709264364e-06,0.06592382705277967,0.008046947339577852
Kpop,US Politics,9.142145417701035e-06,-0.021400043527366765,0.007754828322956664
US Politics,Kpop,9.142145417701035e-06,-0.021400043527366765,0.007754828322956664
Business and Finance,Horoscope,8.752366562446516e-06,-0.02141136775130421,0.007424198260940271
Horoscope,Business and Finance,8.752366562446516e-06,-0.02141136775130421,0.007424198260940271
Art,Software updates,8.366028672353307e-06,0.04520613961032599,0.007096486998928917
Software updates,Art,8.366028672353307e-06,0.04520613961032599,0.007096486998928917
Horoscope,Personal finance tips,7.563332499836545e-06,-0.021665254472480928,0.0064155996657095735
Personal finance tips,Horoscope,7.563332499836545e-06,-0.021665254472480928,0.0064155996657095735
Horoscope,Anime,7.3184844647810185e-06,-0.032710423362413255,0.0062079072269749505
Anime,Horoscope,7.3184844647810185e-06,-0.032710423362413255,0.0062079072269749505
Software updates,TV shows,6.9060981879663936e-06,0.056519623412872526,0.005858100411033393
TV shows,Software updates,6.9060981879663936e-06,0.056519623412872526,0.005858100411033393
Current Events,Fitness,6.5386276642806906e-06,-0.03642682204086032,0.005546393399743453
Fitness,Current Events,6.5386276642806906e-06,-0.03642682204086032,0.005546393399743453
Friendship,Horoscope,6.055251373299375e-06,-0.0279183352255524,0.005136369277321402
Horoscope,Friendship,6.055251373299375e-06,-0.0279183352255524,0.005136369277321402
Fitness,Global Politics,5.676309568942502e-06,-0.03447371410637733,0.004814931747845093
Global Politics,Fitness,5.676309568942502e-06,-0.03447371410637733,0.004814931747845093
Dating,Software updates,4.091140864084161e-06,0.022461036646664084,0.003470311791866397
Software updates,Dating,4.091140864084161e-06,0.022461036646664084,0.003470311791866397
Anime,Software updates,3.848270032298762e-06,0.020720324293262052,0.0032642965165566463
Software updates,Anime,3.848270032298762e-06,0.020720324293262052,0.0032642965165566463
Business and Finance,Software updates,3.434426527959681e-06,0.010582450889436828,0.002913253606813981
Software updates,Business and Finance,3.434426527959681e-06,0.010582450889436828,0.002913253606813981
Software updates,Family,3.1058921958039147e-06,0.010050566208788669,0.0026345742347781485
Family,Software updates,3.1058921958039147e-06,0.010050566208788669,0.0026345742347781485
Personal finance tips,Software updates,2.9693163847520135e-06,0.006879241046620608,0.002518723751178819
Software updates,Personal finance tips,2.9693163847520135e-06,0.006879241046620608,0.002518723751178819
Gaming,Software updates,2.8137095497745634e-06,0.0033468070776456744,0.0023867301943062327
Software updates,Gaming,2.8137095497745634e-06,0.0033468070776456744,0.0023867301943062327
Fitness,US Politics,2.580387805590777e-06,-0.03055580984560743,0.0021888149361815076
US Politics,Fitness,2.580387805590777e-06,-0.03055580984560743,0.0021888149361815076
Celebs,Software updates,2.517874596206466e-06,0.004323475548980746,0.0021357880825773473
Software updates,Celebs,2.517874596206466e-06,0.004323475548980746,0.0021357880825773473
Friendship,Software updates,2.3781328803539e-06,0.002832229149942568,0.002017252119028372
Software updates,Friendship,2.3781328803539e-06,0.002832229149942568,0.002017252119028372
Life choices,Software updates,2.2857341233156593e-06,0.005071140816083086,0.0019388748382755652
Software updates,Life choices,2.2857341233156593e-06,0.005071140816083086,0.0019388748382755652
Software updates,Hypothetical,1.9964360486238507e-06,-0.0020808092632444214,0.001693477636536345
Hypothetical,Software updates,1.9964360486238507e-06,-0.0020808092632444214,0.001693477636536345
Nature,Software updates,1.8868735696683694e-06,-0.0022516416864529244,0.0016005412221480725
Software updates,Nature,1.8868735696683694e-06,-0.0022516416864529244,0.0016005412221480725
Mental health,Software updates,1.6319379776917477e-06,-0.006740791909887759,0.0013842920094236505
Software updates,Mental health,1.6319379776917477e-06,-0.006740791909887759,0.0013842920094236505
Movies,Software updates,1.3855913901209512e-06,-0.005635712405841555,0.0011753284229487665
Software updates,Movies,1.3855913901209512e-06,-0.005635712405841555,0.0011753284229487665
Personal Experiences,Software updates,1.3732415650385313e-06,-0.017160216058969634,0.0011648526791318632
Software updates,Personal Experiences,1.3732415650385313e-06,-0.017160216058969634,0.0011648526791318632
Music,Software updates,1.339809077841932e-06,-0.010342101735067433,0.0011364935591689398
Software updates,Music,1.339809077841932e-06,-0.010342101735067433,0.0011364935591689398
Kpop,Software updates,8.396225936035619e-07,-0.011144978693782812,0.0007122101839317035
Software updates,Kpop,8.396225936035619e-07,-0.011144978693782812,0.0007122101839317035
Software updates,Ethics,6.302170640079129e-07,-0.011939463370985767,0.00053458186391528
Ethics,Software updates,6.302170640079129e-07,-0.011939463370985767,0.00053458186391528
Fitness,Software updates,3.1056899731719634e-07,-0.020118417101647412,0.0002634402699353787
Software updates,Fitness,3.1056899731719634e-07,-0.020118417101647412,0.0002634402699353787
Painting,Family,0.0,,0.0
Painting,Ethics,0.0,,0.0
Painting,Dating,0.0,,0.0
Painting,Current Events,0.0,,0.0
Painting,Cryptocurrency,0.0,,0.0
Painting,Celebs,0.0,,0.0
Painting,Anime,0.0,,0.0
Painting,Business and Finance,0.0,,0.0
Painting,Art,0.0,,0.0
News,Sports,0.0,,0.0
News,Writing,0.0,,0.0
News,US Politics,0.0,,0.0
News,Travel,0.0,,0.0
News,TV shows,0.0,,0.0
News,Stock market updates,0.0,,0.0
News,Personal Experiences,0.0,,0.0
Painting,Fitness,0.0,,0.0
News,Software updates,0.0,,0.0
News,Social justice,0.0,,0.0
Painting,Fashion,0.0,,0.0
Painting,LGBTQ+,0.0,,0.0
Painting,Food and dining experiences,0.0,,0.0
Painting,Friendship,0.0,,0.0
Painting,Sports,0.0,,0.0
Painting,Software updates,0.0,,0.0
Painting,Social justice,0.0,,0.0
Painting,Personal finance tips,0.0,,0.0
Painting,Personal Experiences,0.0,,0.0
Painting,News,0.0,,0.0
Painting,New gadgets,0.0,,0.0
Painting,Nature,0.0,,0.0
Painting,Music,0.0,,0.0
Painting,Movies,0.0,,0.0
Painting,Mental health,0.0,,0.0
Painting,Life choices,0.0,,0.0
Painting,Kpop,0.0,,0.0
Painting,Hypothetical,0.0,,0.0
Painting,Horoscope,0.0,,0.0
Painting,Global Politics,0.0,,0.0
Painting,Gaming,0.0,,0.0
News,Personal finance tips,0.0,,0.0
Music,Stock market updates,0.0,,0.0
News,Painting,0.0,,0.0
Nature,Stock market updates,0.0,,0.0
News,Business and Finance,0.0,,0.0
News,Art,0.0,,0.0
News,Anime,0.0,,0.0
New gadgets,Stock market updates,0.0,,0.0
New gadgets,Painting,0.0,,0.0
New gadgets,News,0.0,,0.0
New gadgets,LGBTQ+,0.0,,0.0
New gadgets,Cryptocurrency,0.0,,0.0
Nature,Painting,0.0,,0.0
News,New gadgets,0.0,,0.0
Nature,News,0.0,,0.0
Nature,LGBTQ+,0.0,,0.0
Nature,Cryptocurrency,0.0,,0.0
Painting,TV shows,0.0,,0.0
Music,Painting,0.0,,0.0
Music,News,0.0,,0.0
Music,LGBTQ+,0.0,,0.0
Music,Cryptocurrency,0.0,,0.0
News,Celebs,0.0,,0.0
News,Cryptocurrency,0.0,,0.0
News,Current Events,0.0,,0.0
News,Dating,0.0,,0.0
News,Nature,0.0,,0.0
News,Music,0.0,,0.0
News,Movies,0.0,,0.0
News,Mental health,0.0,,0.0
News,Life choices,0.0,,0.0
News,LGBTQ+,0.0,,0.0
News,Kpop,0.0,,0.0
News,Hypothetical,0.0,,0.0
News,Horoscope,0.0,,0.0
News,Global Politics,0.0,,0.0
News,Gaming,0.0,,0.0
News,Friendship,0.0,,0.0
News,Food and dining experiences,0.0,,0.0
News,Fitness,0.0,,0.0
News,Fashion,0.0,,0.0
News,Family,0.0,,0.0
News,Ethics,0.0,,0.0
Painting,Stock market updates,0.0,,0.0
Stock market updates,Fashion,0.0,,0.0
Painting,Travel,0.0,,0.0
Stock market updates,Painting,0.0,,0.0
Stock market updates,US Politics,0.0,,0.0
Stock market updates,Travel,0.0,,0.0
Stock market updates,TV shows,0.0,,0.0
Stock market updates,Sports,0.0,,0.0
Stock market updates,Software updates,0.0,,0.0
Stock market updates,Social justice,0.0,,0.0
Stock market updates,Personal finance tips,0.0,,0.0
Stock market updates,Personal Experiences,0.0,,0.0
Stock market updates,News,0.0,,0.0
Painting,US Politics,0.0,,0.0
Stock market updates,New gadgets,0.0,,0.0
Stock market updates,Nature,0.0,,0.0
Stock market updates,Music,0.0,,0.0
Stock market updates,Movies,0.0,,0.0
Stock market updates,Mental health,0.0,,0.0
Stock market updates,Life choices,0.0,,0.0
Stock market updates,LGBTQ+,0.0,,0.0
Stock market updates,Kpop,0.0,,0.0
Stock market updates,Writing,0.0,,0.0
TV shows,Cryptocurrency,0.0,,0.0
TV shows,LGBTQ+,0.0,,0.0
TV shows,News,0.0,,0.0
Writing,Painting,0.0,,0.0
Writing,News,0.0,,0.0
Writing,LGBTQ+,0.0,,0.0
Writing,Cryptocurrency,0.0,,0.0
US Politics,Stock market updates,0.0,,0.0
US Politics,Painting,0.0,,0.0
US Politics,News,0.0,,0.0
US Politics,LGBTQ+,0.0,,0.0
Movies,Painting,0.0,,0.0
US Politics,Cryptocurrency,0.0,,0.0
Travel,Stock market updates,0.0,,0.0
Travel,Painting,0.0,,0.0
Travel,News,0.0,,0.0
Travel,LGBTQ+,0.0,,0.0
Travel,Cryptocurrency,0.0,,0.0
TV shows,Stock market updates,0.0,,0.0
TV shows,Painting,0.0,,0.0
Stock market updates,Hypothetical,0.0,,0.0
Stock market updates,Horoscope,0.0,,0.0
Stock market updates,Global Politics,0.0,,0.0
Software updates,News,0.0,,0.0
Software updates,Cryptocurrency,0.0,,0.0
Social justice,Stock market updates,0.0,,0.0
Social justice,Painting,0.0,,0.0
Social justice,News,0.0,,0.0
Social justice,LGBTQ+,0.0,,0.0
Social justice,Cryptocurrency,0.0,,0.0
Personal finance tips,Stock market updates,0.0,,0.0
Personal finance tips,Painting,0.0,,0.0
Personal finance tips,News,0.0,,0.0
Personal finance tips,LGBTQ+,0.0,,0.0
Personal finance tips,Cryptocurrency,0.0,,0.0
Personal Experiences,Stock market updates,0.0,,0.0
Personal Experiences,Painting,0.0,,0.0
Personal Experiences,News,0.0,,0.0
Personal Experiences,LGBTQ+,0.0,,0.0
Personal Experiences,Cryptocurrency,0.0,,0.0
Painting,Writing,0.0,,0.0
Software updates,LGBTQ+,0.0,,0.0
Software updates,Painting,0.0,,0.0
Stock market updates,Gaming,0.0,,0.0
Software updates,Stock market updates,0.0,,0.0
Stock market updates,Friendship,0.0,,0.0
Stock market updates,Food and dining experiences,0.0,,0.0
Stock market updates,Fitness,0.0,,0.0
Stock market updates,Family,0.0,,0.0
Stock market updates,Ethics,0.0,,0.0
Stock market updates,Dating,0.0,,0.0
Stock market updates,Current Events,0.0,,0.0
Stock market updates,Cryptocurrency,0.0,,0.0
Stock market updates,Celebs,0.0,,0.0
Stock market updates,Business and Finance,0.0,,0.0
Stock market updates,Art,0.0,,0.0
Stock market updates,Anime,0.0,,0.0
Sports,Stock market updates,0.0,,0.0
Sports,Painting,0.0,,0.0
Sports,News,0.0,,0.0
Sports,LGBTQ+,0.0,,0.0
Sports,Cryptocurrency,0.0,,0.0
Movies,Stock market updates,0.0,,0.0
Art,Painting,0.0,,0.0
Movies,News,0.0,,0.0
Cryptocurrency,Travel,0.0,,0.0
Dating,Cryptocurrency,0.0,,0.0
Current Events,Stock market updates,0.0,,0.0
Current Events,Painting,0.0,,0.0
Current Events,News,0.0,,0.0
Current Events,LGBTQ+,0.0,,0.0
Current Events,Cryptocurrency,0.0,,0.0
Cryptocurrency,Writing,0.0,,0.0
Cryptocurrency,US Politics,0.0,,0.0
Cryptocurrency,TV shows,0.0,,0.0
Cryptocurrency,Nature,0.0,,0.0
Cryptocurrency,Stock market updates,0.0,,0.0
Cryptocurrency,Sports,0.0,,0.0
Cryptocurrency,Software updates,0.0,,0.0
Cryptocurrency,Social justice,0.0,,0.0
Cryptocurrency,Personal finance tips,0.0,,0.0
Cryptocurrency,Personal Experiences,0.0,,0.0
Cryptocurrency,Painting,0.0,,0.0
Cryptocurrency,News,0.0,,0.0
Dating,LGBTQ+,0.0,,0.0
Dating,News,0.0,,0.0
Dating,Painting,0.0,,0.0
Dating,Stock market updates,0.0,,0.0
Fitness,LGBTQ+,0.0,,0.0
Fitness,Cryptocurrency,0.0,,0.0
Fashion,Stock market updates,0.0,,0.0
Fashion,Painting,0.0,,0.0
Fashion,News,0.0,,0.0
Fashion,LGBTQ+,0.0,,0.0
Fashion,Cryptocurrency,0.0,,0.0
Family,Stock market updates,0.0,,0.0
Family,Painting,0.0,,0.0
Family,News,0.0,,0.0
Family,LGBTQ+,0.0,,0.0
Family,Cryptocurrency,0.0,,0.0
Ethics,Stock market updates,0.0,,0.0
Ethics,Painting,0.0,,0.0
Ethics,News,0.0,,0.0
Ethics,LGBTQ+,0.0,,0.0
Ethics,Cryptocurrency,0.0,,0.0
Cryptocurrency,New gadgets,0.0,,0.0
Cryptocurrency,Music,0.0,,0.0
Movies,LGBTQ+,0.0,,0.0
Business and Finance,Cryptocurrency,0.0,,0.0
Celebs,Painting,0.0,,0.0
Celebs,News,0.0,,0.0
Celebs,LGBTQ+,0.0,,0.0
Celebs,Cryptocurrency,0.0,,0.0
Business and Finance,Stock market updates,0.0,,0.0
Business and Finance,Painting,0.0,,0.0
Business and Finance,News,0.0,,0.0
Business and Finance,LGBTQ+,0.0,,0.0
Art,Stock market updates,0.0,,0.0
Cryptocurrency,Movies,0.0,,0.0
Art,News,0.0,,0.0
Art,LGBTQ+,0.0,,0.0
Art,Cryptocurrency,0.0,,0.0
Anime,Stock market updates,0.0,,0.0
Anime,Painting,0.0,,0.0
Anime,News,0.0,,0.0
Anime,LGBTQ+,0.0,,0.0
Anime,Cryptocurrency,0.0,,0.0
Celebs,Stock market updates,0.0,,0.0
Cryptocurrency,Anime,0.0,,0.0
Cryptocurrency,Art,0.0,,0.0
Cryptocurrency,Business and Finance,0.0,,0.0
Cryptocurrency,Mental health,0.0,,0.0
Cryptocurrency,Life choices,0.0,,0.0
Cryptocurrency,LGBTQ+,0.0,,0.0
Cryptocurrency,Kpop,0.0,,0.0
Cryptocurrency,Hypothetical,0.0,,0.0
Cryptocurrency,Horoscope,0.0,,0.0
Cryptocurrency,Global Politics,0.0,,0.0
Cryptocurrency,Gaming,0.0,,0.0
Cryptocurrency,Friendship,0.0,,0.0
Cryptocurrency,Food and dining experiences,0.0,,0.0
Cryptocurrency,Fitness,0.0,,0.0
Cryptocurrency,Fashion,0.0,,0.0
Cryptocurrency,Family,0.0,,0.0
Cryptocurrency,Ethics,0.0,,0.0
Cryptocurrency,Dating,0.0,,0.0
Cryptocurrency,Current Events,0.0,,0.0
Cryptocurrency,Celebs,0.0,,0.0
Fitness,News,0.0,,0.0
Fitness,Painting,0.0,,0.0
Fitness,Stock market updates,0.0,,0.0
LGBTQ+,Kpop,0.0,,0.0
LGBTQ+,Painting,0.0,,0.0
LGBTQ+,News,0.0,,0.0
LGBTQ+,New gadgets,0.0,,0.0
LGBTQ+,Nature,0.0,,0.0
LGBTQ+,Music,0.0,,0.0
LGBTQ+,Movies,0.0,,0.0
LGBTQ+,Mental health,0.0,,0.0
LGBTQ+,Life choices,0.0,,0.0
LGBTQ+,Hypothetical,0.0,,0.0
Food and dining experiences,Cryptocurrency,0.0,,0.0
LGBTQ+,Horoscope,0.0,,0.0
LGBTQ+,Global Politics,0.0,,0.0
LGBTQ+,Gaming,0.0,,0.0
LGBTQ+,Friendship,0.0,,0.0
LGBTQ+,Food and dining experiences,0.0,,0.0
LGBTQ+,Fitness,0.0,,0.0
LGBTQ+,Fashion,0.0,,0.0
LGBTQ+,Family,0.0,,0.0
LGBTQ+,Personal Experiences,0.0,,0.0
LGBTQ+,Personal finance tips,0.0,,0.0
LGBTQ+,Social justice,0.0,,0.0
LGBTQ+,Software updates,0.0,,0.0
Movies,Cryptocurrency,0.0,,0.0
Mental health,Stock market updates,0.0,,0.0
Mental health,Painting,0.0,,0.0
Mental health,News,0.0,,0.0
Mental health,LGBTQ+,0.0,,0.0
Mental health,Cryptocurrency,0.0,,0.0
Life choices,Stock market updates,0.0,,0.0
Life choices,Painting,0.0,,0.0
Life choices,News,0.0,,0.0
Life choices,LGBTQ+,0.0,,0.0
Life choices,Cryptocurrency,0.0,,0.0
LGBTQ+,Writing,0.0,,0.0
LGBTQ+,US Politics,0.0,,0.0
LGBTQ+,Travel,0.0,,0.0
LGBTQ+,TV shows,0.0,,0.0
LGBTQ+,Stock market updates,0.0,,0.0
LGBTQ+,Sports,0.0,,0.0
LGBTQ+,Ethics,0.0,,0.0
LGBTQ+,Dating,0.0,,0.0
LGBTQ+,Current Events,0.0,,0.0
Global Politics,Stock market updates,0.0,,0.0
Global Politics,News,0.0,,0.0
Global Politics,LGBTQ+,0.0,,0.0
Global Politics,Cryptocurrency,0.0,,0.0
Gaming,Stock market updates,0.0,,0.0
Gaming,Painting,0.0,,0.0
Gaming,News,0.0,,0.0
Gaming,LGBTQ+,0.0,,0.0
Gaming,Cryptocurrency,0.0,,0.0
Friendship,Stock market updates,0.0,,0.0
Friendship,Painting,0.0,,0.0
Friendship,News,0.0,,0.0
Friendship,LGBTQ+,0.0,,0.0
Friendship,Cryptocurrency,0.0,,0.0
Food and dining experiences,Stock market updates,0.0,,0.0
Food and dining experiences,Painting,0.0,,0.0
Food and dining experiences,News,0.0,,0.0
Food and dining experiences,LGBTQ+,0.0,,0.0
Global Politics,Painting,0.0,,0.0
Horoscope,Cryptocurrency,0.0,,0.0
LGBTQ+,Cryptocurrency,0.0,,0.0
Horoscope,LGBTQ+,0.0,,0.0
LGBTQ+,Celebs,0.0,,0.0
LGBTQ+,Business and Finance,0.0,,0.0
LGBTQ+,Art,0.0,,0.0
LGBTQ+,Anime,0.0,,0.0
Kpop,Stock market updates,0.0,,0.0
Kpop,Painting,0.0,,0.0
Kpop,News,0.0,,0.0
Kpop,LGBTQ+,0.0,,0.0
Kpop,Cryptocurrency,0.0,,0.0
Hypothetical,Stock market updates,0.0,,0.0
Hypothetical,Painting,0.0,,0.0
Hypothetical,News,0.0,,0.0
Hypothetical,LGBTQ+,0.0,,0.0
Hypothetical,Cryptocurrency,0.0,,0.0
Horoscope,Stock market updates,0.0,,0.0
Horoscope,Painting,0.0,,0.0
Horoscope,News,0.0,,0.0
Writing,Stock market updates,0.0,,0.0
