persona_id,num_posts_viewed,num_posts_voted,num_posts_liked,num_posts_commented,num_posts_skipped
0065610346c9-652fe6f1,1,0,0,0,0
00c869cdd829-b39765e6,41,41,0,0,0
0134a567360a-cffe61c9,7,5,0,0,0
01a606d27c82-38465b0c,16,14,0,0,0
01b2b2c85b55-80892e3c,24,23,0,0,0
0264308ac62f-92211a1d,1,1,0,0,0
02d7ef552513-b24667d8,41,40,0,0,0
02fe6104fb7c-23b7e6e8,15,14,0,0,0
0398b19b9714-39041e4f,1,0,0,0,0
03f3eacd5368-c767cc86,8,6,0,0,0
040e8b3057ca-02fee5f3,37,37,0,0,0
0550c62c4b08-7b58278b,5,1,0,0,0
055fd578e9f5-7d07f5fd,8,6,0,1,0
05be3f23268d-222ec194,1,1,0,0,0
05e0ee3fe8fa-dc501530,47,47,0,0,0
0631c8e52a90-41a8753f,37,37,0,0,0
065fc665b503-68bdf462,1,0,0,0,0
06892b21ee2e-c2bd4cbd,9,8,0,0,0
074f2efb3161-b1f58938,39,39,0,0,0
0795e71008e2-fb1800e3,5,0,0,0,0
07ae9a28276b-e65f7f6c,35,33,0,0,0
07c388f56c93-55f7b000,1,1,0,0,0
09300b9d90cb-ae956201,24,16,0,0,0
09689af49b79-da1e2461,7,6,0,0,0
0aa9a2e1e93c-c46bb8a9,4,3,0,0,0
0ad3221c3f24-c6e019b0,1,0,0,0,0
0aed12756836-ce307148,1,0,0,0,0
0b09e7dfeb02-feb4b3c2,1,1,0,0,0
0b0fccf7254d-20cbeb6f,47,47,0,0,0
0b85adfa5fb6-82422ea6,29,28,0,0,0
0b8d56663e05-d7e7e631,1,0,0,0,0
0c41416fbe1c-d609157c,41,39,0,0,0
0c7216d6ef34-f1cb0df1,4,2,0,0,0
0d9ab62326ce-1f0c0251,4,1,0,0,0
0dfcf19c4113-41caac5a,41,32,0,0,0
0e20e2de0893-a40ddb7d,2,0,0,0,0
1072c6aa2d72-b3542448,1,0,0,0,0
107adc3102d5-d38ecfea,9,7,0,0,0
10b598ab419a-8b914d45,22,17,0,0,0
10fa2ad2633d-e4bef201,19,17,0,0,0
11f59a5e610b-6b2cf94d,10,8,0,0,0
124793ea60d8-298dc929,3,0,0,0,0
1269397a79b0-06afe359,39,39,0,0,0
12b67894bee0-717b4a46,7,4,0,0,0
12fb670db142-e9eab7e7,39,36,0,0,0
1306452e7a19-0339faae,1,0,0,0,0
13764d50c286-c6202da7,24,15,0,0,0
13884ae309c1-ab857849,32,31,0,0,0
13c5f828c09d-acf9b9ae,8,4,0,0,0
13df4657fe07-ae27cdfc,47,46,0,0,0
142a27b558a1-45935ab9,2,2,0,0,0
1477faed44db-0d1e9d41,3,2,0,0,0
148ab19456c9-7c25c17c,2,0,0,0,0
14ac5da3d2d0-2791c233,6,3,0,0,0
14b3c5143d34-7eb9024f,37,37,1,0,0
14e8218ddc43-f9328d62,4,2,0,0,0
152f8f9f8c96-d360cb01,5,4,0,0,0
15b7edf265ad-39e3417a,1,0,0,0,0
15ca65c40b57-14c525a0,3,1,0,0,0
15f12c0bd0e2-85b12317,1,0,0,0,0
15fd31056a2e-083839b6,39,39,0,0,0
16795ff3e2a3-cbd6b747,15,12,0,0,0
16c763d48a53-34149a33,10,7,0,0,0
1737ea6300a0-03c251d1,47,46,0,0,0
176c4f0cea50-2e46de1a,2,0,0,0,0
177ec4b2d887-2f59fd49,39,39,0,0,0
17bb798da5f5-32d38582,10,8,0,0,0
17bbf6e4f4ef-9ecb7cd8,3,0,0,0,0
17c794d4347f-0f5f0e70,29,22,0,0,0
17f16f62dee2-dcec959b,2,0,0,0,0
180139ea52d2-fa10d67a,2,0,0,0,0
180a22c5e255-89fbd722,14,10,0,0,0
184e4704911e-f930a883,9,0,0,0,0
193641558938-72dc663c,4,1,0,0,0
198b0018a2c5-5034cc15,26,20,0,0,0
19b7f8e3d745-fa4ed60e,33,27,0,0,0
1a121e0de134-a988a5dc,31,30,0,0,0
1a124dc188d5-bf477d04,5,0,0,0,0
1a7654a74dbc-0ef53b7a,5,5,0,0,0
1a86b15d37b6-4ce88149,5,5,0,0,0
1a8970613a8b-43e01434,3,0,0,0,0
1acbf9e46133-817ae893,6,5,0,0,0
1b1869837d5e-8bb92ade,47,47,1,0,0
1be2c18e60a7-329360ee,6,3,0,0,0
1c03bd39932a-325e0f99,3,0,0,0,0
1c6ca8d83f63-e2170868,9,8,0,0,0
1cf063910533-676019ae,8,8,0,0,0
1d8c324045eb-860f18c8,4,3,0,0,0
1da039748f12-42934e7d,2,1,0,0,0
1db6ca29c308-6cdd3d41,4,0,0,0,0
1de8a3f516b4-e86fda05,17,13,0,0,0
1eb2e0aaa8f4-aab69da6,47,45,0,0,0
1f2b8ce6c871-f98a096e,7,5,2,0,0
1f596dd601ba-b2efd0f9,2,0,0,0,0
1f8cbde88599-13e3c851,17,14,0,0,0
1fa5b92690ee-f160b287,9,2,0,0,0
1fdcf77d38dd-3137e913,2,0,0,0,0
200b7b14133d-ccf22dfa,9,8,0,0,0
202f571e30af-e6a5509a,15,12,0,0,0
2033ba8f9d06-b05e9186,34,25,0,0,0
205dd5d7dc52-e9766c67,4,3,0,0,0
2076d39a644e-2ca3877e,18,9,0,0,0
20f0bf51c32f-b4867af8,1,0,0,0,0
210789f70d3c-df32f122,12,8,0,0,0
220e5794e36e-3d616f1b,41,41,0,0,0
224b7cdc36c8-60921525,1,0,0,0,0
246b985bbddb-64f33c23,5,4,0,0,0
25349efddd24-5b92bcf0,13,1,0,0,0
25ad151f8e2c-6759aafa,1,0,0,0,0
26034a2634ae-817c85f2,8,4,0,0,0
2735d25edfbf-4a953466,7,6,0,0,0
2794e1e1491b-21332c93,1,0,0,0,0
28443d812b2c-c5fc7faf,1,0,0,0,0
284f7807ac06-5e88ac68,21,19,0,0,0
286d3fe6a5c3-540d8cb5,5,4,0,0,0
2887a72c7255-27ab93cc,1,0,0,0,0
292bf13fa93a-ab3147f7,31,25,0,0,0
295e6bf9464e-6d776295,5,3,0,0,0
299bbe58ad3a-def23ab3,6,5,0,0,0
2aa22b5c2feb-a79cd374,37,37,0,0,0
2ac16d7bd89f-27e9ee6f,1,1,0,0,0
2ac30e828c2b-3af869c9,2,2,0,0,0
2af253d66304-87fd2c3c,2,1,0,0,0
2b1336178d04-c94e3be9,5,5,0,0,0
2b87262234fe-f1f641ff,37,36,0,0,0
2c3ff6010c4c-68b67881,15,13,0,0,0
2c866b5e7d3e-6e39ddb2,7,5,0,0,0
2d023d2a3082-456a9239,22,20,0,0,0
2d1ffd753390-7a8fc23e,3,1,0,0,0
2d318414aa05-f4fbb9cf,8,3,0,0,0
2dea1c748b12-b7d7baf7,4,3,0,0,0
2e7898f7f5ec-b5279e84,1,0,0,0,0
2e9482be5c5c-f926eda0,25,17,0,1,0
2ef7a060c7a8-4d4475ae,2,0,0,0,0
2efbfa326bfc-0742b56a,41,39,0,0,0
2f24eacf1c7e-33f1429d,30,23,0,0,0
3063642bc3f0-41f0eae5,2,0,0,0,0
3163e1d2b468-157f018d,23,22,0,0,0
3190250e4a4b-f3c7ce7e,3,2,0,0,0
321b661926a2-ade866ae,41,41,0,0,0
327482d5792d-eb8e00d7,33,33,0,0,0
32b3f0b01e5a-825f5e38,2,0,0,0,0
32bf8e3ff6fa-f3f3839e,7,6,0,0,0
32ec365a0f28-de2a346f,27,23,0,0,0
331d78eb3d82-050caeae,16,13,0,0,0
3321a6ba0068-85faa7e6,1,0,0,0,0
3467b853bc11-c7b06066,3,0,0,0,0
346e4a25dac4-5c5220e8,9,8,0,0,0
3495897fe903-d9241d33,11,8,0,2,0
3516670e9814-d2afc8aa,10,8,0,0,0
3533a1aa6f05-176be127,1,0,0,0,0
361bb79ef68e-5131a1f5,6,4,0,0,0
366d293a43c8-8860cf3c,3,0,0,0,0
3695da6165f2-48df32cc,1,0,0,0,0
36abe91deb82-2cf3c6bb,39,39,0,0,0
372999a6d733-46cb1017,37,37,0,0,0
372e8db986e4-71ea4d5c,1,0,0,0,0
373fd86ba842-e4e5d113,6,4,0,0,0
374c70112db7-9eafaeed,4,0,0,0,0
375c41e22260-ee78cc0c,40,41,0,0,0
37637b7b4bf1-4300ca2d,9,8,0,0,0
376949ab92c1-bd1fbfe8,6,1,0,0,0
376bcc41581d-deac8199,2,0,0,0,0
37f12abca0c0-41e50124,297,285,33,14,11
37f9b01d4924-c9be7c1a,7,4,0,0,0
3930992039bb-69bffe1f,16,14,0,0,0
393bd0fa07be-10da391e,16,14,0,0,0
398b0ea459f0-f7505ffc,29,23,2,4,2
3a26e0ed9bfd-548cb788,4,3,0,0,0
3b3d9cb3edf5-2086f69c,1,0,0,0,0
3b3fb668ca1d-e1c5bc87,21,20,0,0,0
3b78ae89af41-57ca3033,35,31,0,0,0
3bb2762d968b-51b925c2,1,0,0,0,0
3c58af35ffa3-36985c9e,5,2,0,0,0
3cf926c8a11d-371e73c8,9,8,0,0,0
3d411ae0bcb5-c6bb9ceb,6,5,0,0,0
3d677fbc227a-2772fd49,2,0,0,0,0
3d7e13ef4423-75ef14c1,25,24,0,0,0
3db69364669a-9c1197ff,1,0,0,0,0
3db6e2d647d4-932a0a2b,33,33,0,0,0
3ef282f726b5-06b6c021,9,0,0,0,0
4057b64fe3b1-a1c4951e,32,24,0,0,0
408dcdb8b593-3c27fd9e,1,0,0,0,0
410d0abb6cfc-1ede3bc7,6,5,0,0,0
41b39c808c6e-21d2ebc5,13,9,0,0,0
421ee5ce64f5-99fef5d3,4,1,0,0,0
424a00da354c-fef04c0e,17,14,0,0,0
42c22bbb0a35-0da74082,1,0,0,0,0
430e0d94da90-13a497f9,12,8,0,0,0
43b0ff4a8ebd-dad0895e,2,1,0,0,0
43b352b3a70c-ab51d528,11,9,0,0,0
43b867261424-b9ba3066,1,0,0,0,0
446f134bfb8e-7a0a0c54,34,30,0,0,0
4541a8c6ebb9-32ef26e9,41,35,0,0,0
45636e387707-de90bc18,5,0,0,0,0
4612a9f6bcf1-c61ce673,17,17,0,0,0
472f6b8a38eb-9c8ca3d0,10,8,0,0,0
4734ac32b22d-6eeac413,33,33,0,0,0
474d7c0715aa-c7c02a70,45,44,0,0,0
4759527e791c-d0500694,4,3,0,0,0
47b20ccc1495-4c4a6d44,5,3,0,0,0
47cf10bd5f67-1121c3f9,8,6,0,0,0
47f278408c30-af32e87d,33,29,0,0,0
47f32e226250-1a1624cf,25,16,0,0,0
48b055311b4b-17f75f85,34,30,0,0,0
4910a98750b5-33672dce,37,37,0,0,0
491e50e54235-0d3cb8fc,24,19,0,0,0
499ccbe2d860-be79f05f,42,37,0,0,0
4a1d6e4b58f7-02d63762,1,0,0,0,0
4a6bef89424d-bfc8c3c4,13,12,0,0,0
4ae42e059a06-3ddaf58f,16,12,0,0,0
4af7f3cdd2ae-46daebd0,3,3,0,0,0
4b0549d5a926-90cfabed,8,6,0,0,0
4bf7a96aacbf-7269a0e8,3,2,0,0,0
4ca467628dc2-677518c5,9,2,0,0,0
4d072b51689c-0d0a7131,35,18,0,6,1
4d1948075293-b504a422,1,0,0,0,0
4d502dab093f-e18b392a,6,5,0,0,0
4d902716edfa-e5cad6ad,34,14,0,0,0
4dba25ebc405-6acc9630,6,0,0,0,0
4e17bce3bcb9-0d3c1b31,5,4,0,0,0
4e8090aace9c-0c841c95,9,7,0,0,0
4f47a78b9d13-b072d239,1,0,0,0,0
50df7791c3e7-afcfab21,21,19,0,0,0
50fbc8bc981c-7ab4dc63,16,6,0,0,0
515c6d2e70c9-49c182c2,39,34,0,0,0
51b97dd18f31-687eb133,3,0,0,0,0
52556143c05f-6b493fcf,4,1,0,0,0
52947067b711-b099e67d,6,5,0,0,0
5341f4eb64d4-bb709bbc,1,1,0,0,0
537b9123b014-bf8d9c41,8,7,0,0,0
53c55dd01a1c-2e22e853,17,14,0,0,0
53ef0ee1ac7a-d5a9476f,7,3,0,0,0
540759a7ee56-f538f0eb,12,8,0,0,0
541620c4b930-54e530a2,47,37,0,0,0
5419976f51df-6f5ae0ad,25,21,0,0,0
5440bcbc1d94-6f4cb8c9,5,3,0,0,0
546bfc9c32a0-a3c78d79,20,18,0,0,0
5492002057fe-4df96c2a,1,0,0,0,0
549ad7898e69-83cc6c17,3,0,0,0,0
54be81332b3d-4c5a6237,34,34,0,0,0
54daa138fc80-7fcb879b,33,33,0,0,0
55b883c81fe1-ee6bc223,41,29,0,0,0
55b8f6079f9b-3399dd75,36,24,0,0,0
560cab572066-533836f5,9,8,0,0,0
5642bec7828e-a8fa3d34,22,18,0,0,0
57fb560ef368-96c67349,24,22,0,0,0
5856d8a32c54-c94c644f,41,41,0,0,0
58ad14794180-02358e97,8,7,0,0,0
58fab7e498ad-81f6ba49,15,14,0,0,0
5936d8f8402e-5a7a6ab5,1,0,0,0,0
5a499611dc54-3579d65a,7,5,0,0,0
5a79648acc25-36ca83aa,37,37,0,0,0
5b11dc1f82aa-8d962757,10,10,0,0,0
5b51224dd049-78a1f54a,1,0,0,0,0
5bd82cbfe96f-18d3f182,6,5,0,0,0
5bfb356e88a5-1c50c6f4,1,0,0,0,0
5c01f91747db-679d9096,11,8,0,0,0
5c6f1878a743-0a930dbd,10,8,0,0,0
5c736cbf138f-02d85470,13,12,0,0,0
5cb8d23c329c-5263863b,2,0,0,0,0
5da7c4823ee9-b4d8625d,23,3,0,0,0
5df7535466da-e9b1ac42,33,33,0,0,0
5f612e235eaf-0b7c5f8e,3,0,0,0,0
5fd011e64434-0a3f7d20,29,27,0,0,0
60282edde447-75aa2826,1,0,0,0,0
603aa26e57ff-0001551c,37,37,0,0,0
60c94738b3ac-c197b170,1,0,0,0,0
614f14e44be0-f91018c5,1,0,0,0,0
62aa45a73324-55ae275c,16,14,0,0,0
62fc34daec19-5022083f,5,3,0,0,0
6340279223d0-201c8b30,22,0,0,0,0
63bdf51f51a4-4910ab8b,2,0,0,0,0
63c2132ad321-a23947c7,3,2,0,0,0
63f195b77dec-cc629091,33,33,0,0,0
6470f3c50331-329d864a,36,35,0,0,0
6490acd8e4f2-b6564d55,10,7,0,0,0
64c9e31c5622-5a352d70,13,5,0,0,0
652bb2faa06e-7adda19c,4,3,0,0,0
658fe73b0325-73a89a73,8,0,0,0,0
66064e8bf66a-b9e1caf8,1,0,0,0,0
66d074739b2d-e83fef98,5,0,0,0,0
66e56f940f50-f6a56d56,3,0,0,0,0
6719467dc8f1-206fde3d,41,41,0,0,0
680582245067-5b6059e2,2,0,0,0,0
6816582f9fc0-cc2f77a2,5,4,0,0,0
68785fcf90ae-8291feca,2,0,0,0,0
68eb10b5cf45-d279b2d5,16,14,0,0,0
6964fc9ba960-5bc711dd,14,10,0,0,0
696c5cb76cfb-299dca14,4,3,1,0,0
6978b643dafe-fce2627a,21,18,0,0,0
69cee038074e-6372cfe7,41,40,0,0,0
6a07d47901a8-71c65e0d,1,0,0,0,0
6a8720a853c7-0f1332a0,7,0,0,0,0
6b47114a67bf-36592f23,5,4,0,0,0
6b79b69faeba-e7f7fbff,34,33,0,0,0
6c4195907eb0-4b018cec,37,37,0,0,0
6c7bb87048eb-b6d2bfb0,1,0,0,0,0
6cb5202dbca1-924d1055,2,0,0,0,0
6cbbda1b6efb-f916e407,2,1,0,0,0
6d1ad53dd4ae-1849bb7d,12,11,0,0,0
6d35a4d7bce4-09888b9b,11,7,0,0,0
6d83097e929c-7e2cad19,15,14,0,0,0
6da9a01c0a3a-354cf654,17,12,0,0,0
6dbbe324559d-ed77820f,1,1,0,0,0
6dbda116ca2c-b62d5973,42,27,1,0,0
6e28d6e90940-bbd7fc53,8,6,0,0,0
6ebc18dfd7af-9fab843f,2,0,0,0,0
6f182e718ad1-bed1b022,3,3,0,0,0
6f745c9e270c-1c4cee4a,1,0,0,0,0
72760dccc5cd-d4498d94,21,21,0,0,0
72a917305e8f-901ab8d7,37,37,0,0,0
72da11b9c1f6-9fcc646d,39,39,0,0,0
7316989c4482-0cbc22b2,26,20,0,0,0
73504ed58f09-3d2cf04a,2,1,0,0,0
7374af7b2f2d-4c1595ff,41,35,0,0,0
7392c51cad17-f097d006,33,32,0,0,0
74010483f680-edc1251d,3,0,0,0,0
743c8b1f45a1-5096d4dd,6,3,0,0,0
74825c0250d1-746bdfb2,3,1,0,0,0
7483e1c78a2b-5d51b4fc,4,0,0,0,0
7487a98edd4b-b6ea7b40,39,39,0,0,0
749084bbb972-4738a121,22,20,0,0,0
755bee5f15d5-135d7521,39,39,0,0,0
76195a2d34b2-52bb41eb,30,28,0,0,0
7672bf0711c3-9afb813a,14,12,0,0,0
7793f675d329-79aab339,8,6,0,0,0
77aefb28d3ca-4283a3ae,16,14,0,0,0
77bc997a9940-bf461c61,14,14,0,0,0
77d6f123d8ad-9afb8118,9,6,0,0,0
783cec401f0a-e89d19af,37,37,1,0,0
785bb995f8a5-2386f71e,39,39,0,0,0
786510567151-e1f16975,75,72,1,22,0
7885bbef2417-10604a54,7,6,0,0,0
78c3dc31ce40-416feea2,48,47,0,0,0
78caaad59530-a334dddf,30,16,0,0,0
792ac8883c5c-8817614c,9,8,0,0,0
79a729fc4318-cfffc839,7,1,0,0,0
79ac238bb7db-3c1ab963,1,0,0,0,0
79d09a1f9d92-84a58a79,9,0,0,0,0
7ad8803a687a-24c2ef01,1,1,0,0,0
7af089b42810-90295d5d,1,0,0,0,0
7b56001729e2-df30bf30,1,0,0,0,0
7bbc7b287242-324ba8b4,6,5,0,0,0
7c1f05c63616-8ad4aa9d,4,2,0,0,0
7cb230b8a140-89899a4f,7,4,0,0,0
7d0ac0134072-c4a40478,15,14,0,0,0
7d3791fc518e-e57b4362,25,20,0,0,0
7d5b64c66f2d-0e68d2c7,15,11,0,0,0
7d708a7b7add-0047a25b,3,2,0,0,0
7ebf82cb7e95-bd1d593a,2,1,0,0,0
7f08d8cf5d4b-072d4fe5,2,0,0,0,0
803ffe16111a-31ab470e,2,0,0,0,0
80a57f7dbcf6-a91640fa,32,32,0,0,0
80d982a308bd-3057321f,31,25,0,0,0
810812a633be-8b83443c,9,8,0,0,0
81ca7bd364d5-885c8cad,4,1,0,0,0
82c9f66f0c21-40dc593c,41,34,0,0,0
82d6ecb08814-c5faff69,3,0,0,0,0
83127b3f1698-e998e39c,3,1,0,0,0
833bfbfd7beb-09a2f021,3,0,0,0,0
839a03c153f9-41c3004e,37,27,0,0,0
8417f6ea5a0c-c13d3a4b,9,9,0,0,0
846394e1502b-f015842c,14,14,0,0,0
85163a4c11a8-f03853f0,39,39,0,0,0
85ba85547381-04c2c8c1,37,37,0,0,0
85c7c771bfb3-e6fd302f,9,8,0,0,0
85eaa4a7b8ed-c41e8f0b,37,34,0,0,0
85fe93f4712c-4f183455,10,8,0,0,0
860d9d7ffd4a-7188d154,13,11,0,0,0
863421189110-93292972,3,0,0,0,0
86c7444bb6c0-3ec2c167,23,23,0,0,0
872fde124cff-9f2fff09,11,8,0,0,0
87579e0e777a-f487b816,14,14,0,0,0
87586ba24656-029b21d1,9,8,0,0,0
877b860a0fb5-026d3db8,2,0,0,0,0
87c4c121726c-2ae8a127,7,7,0,0,0
87c902941038-39c7616f,40,38,0,0,0
881cdba26a38-2ca8e5a6,11,10,0,0,0
882372c6db0f-152dd146,2,0,0,0,0
8835daf1f005-7f465603,31,29,0,0,0
884917b9d52f-f13c2ca5,34,34,0,0,0
88b433f3aaf0-33d81339,71,54,37,27,5
8907b51a1545-31eda0fc,13,13,0,0,0
89b09f1fea20-fd8665af,5,4,0,0,0
89b0f90bdd25-adef3f79,3,1,0,0,0
8a39f9bfb96f-50c481c4,16,12,0,0,0
8b4763dc29bc-83608781,2,0,0,0,0
8b77791d9cb3-b87dacd3,9,0,0,0,0
8bcb9ab7917f-9ce7b857,11,8,0,0,0
8c086d23a368-df84e44d,1,0,0,0,0
8c46bda8f6e8-3ea8f021,8,7,0,0,0
8c4beecaae32-67e63267,3,0,0,0,0
8c70a7b9295a-574bb854,2,0,0,0,0
8d29aba6064f-f4c14652,3,1,0,0,0
8e29b64257a1-89de7410,2,0,0,0,0
8e5be34f4456-a3b6ab09,6,2,0,0,0
8e7030e91b2d-0bc1b365,2,0,0,0,0
8ec5187b1034-d1082b86,1,0,0,0,0
8eeaafb3894e-7206a93c,1,0,0,0,0
8fed7ccd6232-3c3575f8,41,39,0,0,0
901336eade8b-280d6c1f,4,0,0,0,0
912b7c13aac8-f91071a7,2,0,0,0,0
912bd9d1179f-abf9dd6c,8,5,0,0,0
91558c82cac3-bdd32134,5,3,0,0,0
9162fabfdb3b-43f59b0a,1,0,0,0,0
918b93af1b73-cdc639d3,37,37,0,0,0
9194bf8c2cd3-5f410fe7,2,1,0,0,0
91df0d30989f-499a2dbe,23,20,0,0,0
923e78b072bd-640f25d5,7,6,0,0,0
9258d6b41cfc-36eade46,17,0,0,0,0
927f63ea2bd5-7bd8986f,2,1,0,0,0
92a4f75783f5-b1b4ed6b,17,15,0,0,0
92e0d750a890-da3bb683,3,1,0,0,0
937006179134-858a6d2e,7,4,0,0,0
939dd80834bf-21aae642,1,0,0,0,0
94407613d321-29466503,27,19,0,0,0
94e2a74642eb-ed9c811a,41,38,0,0,0
95b017dd2bc3-23e2a680,10,7,0,0,0
95b16cca6cd5-58be560e,8,5,0,0,0
9686817f6aa7-1e5d3d71,41,38,0,0,0
9774331be896-c6dd0110,73,69,0,0,0
979797b84c71-1c158c3c,1,0,0,0,0
981f0fcdf7ac-c4445ea3,5,1,5,0,0
982cd7650eaf-f13ce5a3,37,36,0,0,0
9846a972aebb-61a21abd,3,0,0,0,0
98fa54835942-98dbd99e,1,0,0,0,0
999dc9a79c0f-ae1572a9,1,0,0,0,0
9a5e26ad3ab3-19d6bee8,2,0,0,0,0
9a7534584e0c-22d95a38,2,0,0,0,0
9a84f8c93ba1-17a1307c,3,0,0,0,0
9b20cd87a74f-85b9ab78,25,24,0,0,0
9b27966fa918-bca50d75,16,10,0,0,0
9b36083cb8d9-9cc27993,25,22,0,0,0
9b62d535aa5d-f8308487,8,6,0,0,0
9ba8b14da0bb-384b0d1c,2,0,0,0,0
9bbc2820dbc5-9e529b97,16,14,0,0,0
9c05b1c6ec0b-0d4eb6cb,11,10,0,0,0
9e7080e090d4-07f1aaae,8,6,0,0,0
9e7bf4f2c238-def38770,37,37,0,0,0
9ed3e54d13dc-e3db7d9f,19,17,0,0,0
9f0714d50e99-aac48dc6,39,39,0,0,0
9f7df943998f-ced1dfcf,7,6,0,0,0
9f88be2b0e76-1727263e,34,31,0,0,0
a0986ddeecad-72dac193,7,6,0,0,0
a10e208a7cbf-18ab3ecb,1,1,0,0,0
a1a44434a731-b891a9f9,26,21,0,0,0
a1b3a24af5a5-4425edaa,1,0,0,0,0
a2665e4da113-7952a072,39,39,0,0,0
a2cb4511a365-86b1ab2b,2,0,0,0,0
a39f6097ae1d-ed743070,10,8,0,0,0
a4248a460a0b-6b935471,6,3,0,0,0
a493fc3ea71d-2d339edb,5,0,0,0,0
a4b9c0bf4d1f-873bcff7,28,25,0,0,0
a5b1f3d30ac4-4b5a7ab6,31,29,0,0,0
a676c9cda421-5d99cadc,5,0,0,0,0
a706c2fe796f-aea06760,2,1,0,0,0
a78320599f6e-722004b5,1,0,0,0,0
a79927384436-d6903332,39,39,0,0,0
a83b45af9667-3af006e2,12,7,0,0,0
a83e9a20f9da-aae90110,8,8,0,0,0
a8a1f3d2a656-1dc911d2,5,2,0,0,0
a8a352096408-137e9da2,19,17,0,0,0
a9911630eae5-8dde5e85,4,4,0,0,0
aa243c048191-c5389f29,31,30,0,0,0
aa50115c0983-e6f73611,1,0,0,0,0
ab5d23e8ff27-e619fdc2,1,0,0,0,0
abc0163d8c5e-40661798,1,0,0,0,0
abcd962bafa7-0bf9a062,7,2,0,0,0
ac8700d11497-52a56aae,2,0,0,0,0
ad0cc0808821-42d8da70,21,19,0,0,0
adb63f498628-ce93ba0f,39,32,0,0,0
aea456d0ee05-122e4b6f,17,14,0,0,0
aebcf03f219b-76d1d74b,3,0,0,0,0
aec6740f748b-335db63d,4,0,0,0,0
aee587b8d428-1f396c5e,2,0,0,0,0
af009df81059-06a377e8,2,0,0,0,0
af76ddc7c585-014304a3,14,14,0,0,0
af772812fda4-70b0205c,1,0,0,0,0
b03271039176-6682fbbc,27,18,0,0,0
b0b90595390a-2a4afef1,7,6,0,0,0
b0d469140873-de9eee67,18,16,0,0,0
b105dd1d3eeb-6ce568ca,1,0,0,0,0
b11471b0bbf2-4d8f4820,1,0,0,0,0
b127f452d472-88d2400c,23,9,0,0,0
b15b949ff8dd-2f7d91cc,7,7,0,0,0
b15bd91727b4-89ff9d80,5,4,0,0,0
b1eee3b51106-2d50ca5e,8,6,0,0,0
b232a4b3078f-72a1f245,36,35,0,0,0
b242b05cf1de-e690903a,14,14,0,0,0
b2ede981fa75-24d1f7c3,6,5,0,0,0
b304c3712800-17d8cc7c,6,3,0,0,0
b32f6f3b2c9a-01a5db7d,10,2,0,0,0
b379520109a3-4c844792,17,15,0,0,0
b40e91b80227-e408d5ac,1,0,0,0,0
b4153c59a7a3-3d022136,26,24,0,0,0
b422cac942b3-1a445263,5,4,0,0,0
b4a1c2dcbcbd-cf38ffb3,1,0,0,0,0
b576f2e8ba00-46dc990c,1,0,0,0,0
b5b80468e8c5-1839573f,6,2,0,0,0
b740c78902cd-72d9218a,1,0,0,0,0
b751f99a695a-a1469f06,2,0,0,0,0
b77c5412ff72-ecb7d666,4,0,0,0,0
b78e8cb2ad00-26b7fc4b,14,13,0,0,0
b81edcde9d17-4b25c7f3,46,41,3,8,2
b8d1b90d52d9-be3ee998,37,37,0,0,0
b8d75bc22690-1ead038a,41,41,0,0,0
b8e9a58dca88-3dd87311,11,9,0,0,0
b91b20c996e0-655328a5,22,18,0,0,0
b926b52c62e1-51ebc514,39,39,0,0,0
b92e63d3d041-5433260f,1,0,0,0,0
b95d8a42cfec-d5380c9a,22,13,0,0,0
b9629956b6e9-3aa09438,22,17,0,0,0
b9eb530262d3-1b2d98c2,43,43,0,0,0
ba13e27f9ac6-07c9eece,13,6,0,0,0
ba17a8b47836-78dab612,172,135,16,72,10
ba630f9bb4e3-78eaf196,9,4,0,0,0
ba89dd84d926-cbc0ef63,1,0,0,0,0
bbfd4274e8dd-222d0f48,13,12,0,6,0
bc2154588033-b714aa3d,9,5,0,0,0
bc22086a7729-4a3a072e,3,0,0,0,0
bc2803036a10-ab78c583,1,0,0,0,0
bc8120df99fb-75596c77,36,35,0,0,0
bcb5e4efb353-c11edb0c,10,8,0,0,0
bd1c41cf27a8-766a7dda,33,32,0,0,0
bdd1227cff53-bc98c348,1,0,0,0,0
be016378c109-276b46b4,5,4,0,0,0
be134935dc17-6f1c3738,2,0,0,0,0
be32efad8780-026ffa0a,41,41,1,1,0
be58b65c0ef1-9f512fff,2,0,0,0,0
bea6199cc0da-09c1b836,1,0,0,0,0
bec56b8c6f08-e80d05a4,122,107,27,50,13
bed1c7b0527d-4713518c,11,9,0,0,0
bf55ed9c55aa-948665e7,4,0,0,0,0
bf82175bd061-7d140f45,10,9,0,0,0
bfdbf8fdb0ff-5c56489c,4,3,0,0,0
c003fb67b84d-e7eb81be,29,26,0,0,0
c0f565b4890c-03a3ed40,24,24,0,1,0
c1144cabc869-f9f6555b,37,37,0,0,0
c183bb97a129-a5c9187e,5,4,0,0,0
c286061b7363-b9557997,39,39,0,0,0
c2a698df3b67-bd03ebae,39,39,0,0,0
c2a97dcbcdd5-e6734a23,1,0,0,0,0
c3a9b6b19ee0-5b59dad9,26,18,0,0,0
c42e6c1f971f-82449ba7,1,0,0,0,0
c4841b29b955-a27d6c91,41,40,0,0,0
c48db47466c7-a2bd8f6d,5,5,0,0,0
c515ce4fc203-c3ea3585,23,22,0,0,0
c59ab57b556e-7636f714,27,27,0,0,0
c5beaf0d404b-7d727e82,12,12,0,0,0
c697264cebbf-1b000588,8,6,0,0,0
c6a5f67d379a-2be3cd6d,47,44,0,0,0
c6a906535398-8a6ce39f,9,6,0,0,0
c6f7f22078b3-785df8b4,2,0,0,0,0
c71cd7520f2b-2fe3b0af,4,3,0,0,0
c795d7c67406-5d017a0f,37,37,0,0,0
c7e962e668a8-3ad8d164,14,12,0,0,0
c88912253215-d8322ab0,9,7,0,0,0
c8cb2830ee9a-22a41f32,1,0,0,0,0
c9ff6982af7d-42415acf,39,39,0,0,0
ca880c74d934-08089513,17,16,0,0,0
cb1e50c09146-42e577d1,3,0,0,0,0
cb4932ce53dd-27c494a7,2,2,0,0,0
cbf928810858-b43f895d,2,0,0,0,0
cc03f01c3724-65603b9f,5,4,0,0,0
cc59baeff930-6076a0dc,3,0,0,0,0
ccde7fc2a4d4-4c08117d,19,19,3,1,0
ccf01cf6305f-ea0c6f1f,4,2,1,0,0
cd611160eefc-3ceed0c0,20,19,0,0,0
cd7ffdaaedf9-043e84f7,37,37,0,0,0
cdb55321c399-deec76e1,24,16,1,0,0
cdcec9b9dba7-e90bffbd,2,0,0,0,0
cdef41a61d50-b523ebec,2,0,0,0,0
ce668f7e99f4-5c3e7040,6,2,0,0,0
ce6acf9678c2-281d1f40,38,0,0,0,0
cf1e5c4f2953-98f1ce9e,3,0,0,0,0
cf3f239f6775-88e50e27,42,14,0,0,0
d006993cd746-a0cc4b2c,5,5,0,0,0
d06fddc69be2-8fe7d25c,14,12,0,0,0
d099441696b8-144e8464,4,2,0,0,0
d09dbc31193a-a59adf2f,41,41,0,0,0
d0db6c10fcc0-c1609da9,1,1,0,0,0
d19c4305a12c-c2adf2e9,2,1,0,0,0
d1bcf5653255-a747f33d,26,23,0,0,0
d1c9e0d31875-fc88b191,29,27,0,0,0
d1cd0c5a153b-8c2773da,28,3,0,0,0
d1deada9777d-1eb36632,4,2,0,0,0
d2216633df8d-8dcb92a7,1,0,0,0,0
d2ab15d62936-7e0ac815,30,25,0,0,0
d2e171205a23-37b45309,5,3,0,0,0
d2f8a0a8aaa1-1f1fe55b,1,0,0,0,0
d34951d1c696-41e1c4fd,1,0,0,0,0
d37dcb7c8939-38dd3cfe,1,0,0,0,0
d4eed3a4a463-d46618a9,2,1,0,0,0
d4ef8203434c-a068d728,14,13,0,0,0
d4f46688a922-5d6d944b,36,35,0,0,0
d51fd17625b7-4deacc0e,1,0,0,0,0
d56db5dc5eb2-e609e410,2,2,0,0,0
d58e84d32371-6db35e3e,41,41,0,0,0
d59e7b544c39-7eec4457,9,8,0,0,0
d5e8dee3e5ae-b3995d02,9,8,0,0,0
d623ea085eb8-0f30c594,29,8,0,0,0
d7126794ef2d-15c0dfb8,39,28,0,0,0
d7de72c6dbeb-8e4dca7c,1,0,0,0,0
d80c3172b0ae-0bec156d,7,0,0,0,0
d8123d648ed5-7aa3388e,5,1,0,0,0
d8a5a6451ea9-4c2b736c,1,0,0,0,0
d9655b30357f-246e6b56,8,7,0,0,0
d967275685f6-bd951445,1,0,0,0,0
d992c78a1544-a18a059d,42,12,0,0,0
da075920be7b-0960fd5a,8,7,0,0,0
da272cf599bf-48826954,2,0,0,0,0
da7d8d3a0614-9e8f912d,24,21,0,0,0
db054789112b-85e9bcb2,2,0,0,0,0
db186394e4ec-e3fcf0fd,1,0,0,0,0
dbdeaed83dce-a29796cc,2,1,0,0,0
dc7d76adf443-7fffb39f,34,31,0,0,0
dc8f73ce15ac-fdd2d3e1,47,47,0,0,0
dc8fe227c204-b28665df,1,0,0,0,0
dca5060dc77f-efa42382,14,6,0,0,0
dccb59da263e-f5a68e47,16,14,0,0,0
dd31f1db6d4e-4a26360d,2,1,0,0,0
de1e366feb01-f59b8455,15,13,0,0,0
deae143ad67e-66ee515a,1,0,0,0,0
decdedd65f62-932fa325,7,5,0,0,0
dfefb029d620-f0b689bb,3,1,0,0,0
e003531d40d5-273182bf,6,0,0,0,0
e0436ba3331a-be838621,10,8,0,0,0
e064a7116c58-9e317ad2,37,37,0,0,0
e0a577cd0068-f4dd785f,35,35,0,0,0
e0bfade00745-01beb6b7,12,9,0,0,0
e0c323c78f6e-68cfd2cb,1,0,0,0,0
e187f1dfcadf-974040e7,19,15,0,0,0
e213d4c50785-26d1463d,9,8,0,0,0
e2295f6fb4c8-ea0adfc5,26,25,1,0,0
e24f599ccb03-b7bcc188,41,41,0,0,0
e26bb3c30820-85b9324d,33,33,0,0,0
e33440ef6d33-da950f0b,5,1,0,0,0
e394db3d7f12-dcbd0702,24,22,0,0,0
e3cffb75b82c-25d911be,2,0,0,0,0
e4770a1ef109-30f82f0b,22,10,0,0,0
e4bc2d2d87c2-a9ea17d6,2,0,0,0,0
e5516baaf118-29b08501,29,25,0,0,0
e5666f60c482-e6f838d5,21,17,0,0,0
e5d484401c50-7e91a3c2,5,4,0,0,0
e5d7c828d316-00e04506,5,4,0,0,0
e5e4a6dd6746-705253de,2,0,0,0,0
e5e8b157d811-0412dbaf,37,37,0,0,0
e604cca78be3-0697b4fc,1,0,0,0,0
e6086496513b-41ebe922,1,0,0,0,0
e656fedbe41e-639cb8a5,5,2,0,0,0
e657c25ee027-d74937a3,9,4,0,0,0
e67bed8e9920-9335b0e1,7,6,0,0,0
e6dcb194e27e-52a3ecb5,5,4,0,0,0
e7182ee07b95-6f6a4808,8,5,1,0,0
e7269249024d-22dcf98e,1,0,0,0,0
e7c4baf2ba66-10f12b6f,6,5,0,0,0
e9c26fc0437a-6eb2a7f2,33,26,0,0,0
eab0c2a9de9b-64af1807,2,2,0,0,0
eadcd27eaa8f-3f122f2a,19,18,0,0,0
eb3aae0e565a-9f75efe4,15,14,0,0,0
ebfad543e886-175d84b5,1,0,0,0,0
ec40ad525ba4-45991290,7,5,0,0,0
ec63e48222b1-59da8835,5,5,0,0,0
ec63ea2c687d-c5f407bd,9,7,0,0,0
ec8bfb457957-fff2cfb4,41,41,0,0,0
ed05ca311ccf-01c2871c,25,23,0,0,0
ed3c6f034d2f-93a34147,1,0,0,0,0
ed3d5211c621-86755b01,25,25,0,0,0
ed702aeb2262-b9a60fc9,7,6,0,0,0
ed7c189d7ace-2e86a840,1,0,0,0,0
ee1bf6b4ab1b-443364a0,1,0,0,0,0
ee8cc47c827f-e82ff66a,21,14,0,0,0
eea6479432cf-a5797336,1,0,0,0,0
ef0b6d44c91a-89ce19a1,6,6,0,0,0
ef4632c207a8-dea0eaef,18,16,0,0,0
efa7ce0a0a58-398d963e,3,2,0,1,0
effcc2fe2fdc-88a1ed92,9,8,0,0,0
f0326bdebbed-68794781,5,4,0,0,0
f0e6dda688b6-12eb1bbb,47,47,0,0,0
f14dfabcdbbc-feb9b0e2,32,28,0,0,0
f167a75b1617-de7339b0,7,5,0,0,0
f1beba4ea6c3-6639f834,8,5,0,0,0
f2188936259c-19cf1008,7,4,0,0,0
f25460dd3cdd-daa0d434,26,26,0,1,0
f262f124592f-911ebd21,2,0,0,0,0
f27944b4705c-9ec2aec3,2,0,0,0,0
f2844086f48e-b9150b1a,4,1,0,0,0
f301d4bfd904-240dee8c,30,23,0,0,0
f339e73caad9-e7142dfa,27,23,0,0,0
f35032f7b361-6ec132b9,1,0,0,0,0
f35653d16bc2-146f15ce,20,20,0,0,0
f36b3c386182-53083ed5,217,214,0,0,0
f3aa7b29a149-f5f7ed7b,6,5,1,1,0
f3b2049b737c-ce8c2c1d,10,1,0,0,0
f4f6d4563fbf-6d14c145,14,12,0,0,0
f57aa7892bc9-fef98b52,3,2,0,0,0
f64a0478a781-321023b5,21,20,0,0,0
f65d69c96f6e-d534bf34,1,0,0,0,0
f6d1a464445f-94004b7e,1,0,0,0,0
f6dcf261dc0b-34791369,18,17,0,0,0
f6e08c19f510-a2d5b82a,1,0,0,0,0
f785e96d90a7-2208fb8c,1,0,0,0,0
f7bc9f9f4c65-e4a02314,1,1,0,0,0
f803db09348a-7aade2f3,3,0,0,0,0
f80a89f9b7ff-b1d65251,24,24,0,0,0
f867767941a4-e6257794,16,14,0,0,0
f87d9bb8053e-5cf1d357,1,0,0,0,0
f8dfc6b52289-510e55d4,14,13,0,0,0
f94b13b5c586-1d3c2f5c,37,37,0,0,0
f9ac7f9eb8d6-186cd596,23,21,0,0,0
f9bee1bab8f6-85fd9f38,9,8,0,0,0
fadba8bf93d9-00b902c1,6,5,0,0,0
fb37d1bb76cd-398f10ff,10,7,0,0,0
fb63fd6d39db-cef16ac7,33,33,0,0,0
fb68e5b0a235-81bcaa34,3,0,0,0,0
fc210d5a4641-54ad58b7,27,24,0,0,0
fcd777617b58-df5a8ab5,7,7,0,0,0
fd4d0e273e1b-66c6865f,10,6,0,0,0
fd5471798d2e-4fdee671,39,39,0,0,0
fd984cfab635-a90014bc,39,39,0,0,0
fdb8550c5bc2-229c2009,13,10,0,0,0
fe1d42f2f1e4-5b0a869c,13,7,0,0,0
fe654ca5f5ff-217e1e65,1,0,0,0,0
fe713fc2fe12-afa84970,10,9,0,0,0
feed2988327f-fa1afbd5,1,0,0,0,0
fefa1211b797-adddce79,37,36,0,0,0
feff3514ea12-57de54f4,17,14,0,0,0
ff2cb5bdcb66-04b539bd,1,0,0,0,0
ff79bc398dd3-4f9ef5ae,5,0,0,0,0
ffd9dcaf7805-1aa947eb,1,0,0,0,0
