Topic 1,Topic 2,Co-interest Score,Correlation
Business and Finance,Personal finance tips,0.9968354430379747,0.9834170629434654
Personal finance tips,Business and Finance,0.9968354430379747,0.9834170629434654
Anime,TV shows,0.9855072463768116,0.9435404622282512
TV shows,Anime,0.9855072463768116,0.9435404622282512
Family,Friendship,0.9842931937172775,0.9874345339264124
Friendship,Family,0.9842931937172775,0.9874345339264124
Anime,Sports,0.9172661870503597,0.6351536569615371
Sports,Anime,0.9172661870503597,0.6351536569615371
Art,New gadgets,0.9152542372881356,0.8940460577387535
New gadgets,Art,0.9152542372881356,0.8940460577387535
Sports,TV shows,0.9035714285714286,0.6014373618466448
TV shows,Sports,0.9035714285714286,0.6014373618466448
Family,Travel,0.8958333333333334,0.8551483307154295
Travel,Family,0.8958333333333334,0.8551483307154295
Dating,Sports,0.8943396226415095,0.5502533771798747
Sports,Dating,0.8943396226415095,0.5502533771798747
Friendship,Travel,0.8911917098445595,0.8811822913397401
Travel,Friendship,0.8911917098445595,0.8811822913397401
Celebs,Mental health,0.8620689655172413,0.24858066691766656
Mental health,Celebs,0.8620689655172413,0.24858066691766656
Hypothetical,Life choices,0.8585690515806988,0.11304988643680691
Life choices,Hypothetical,0.8585690515806988,0.11304988643680691
Current Events,Global Politics,0.8571428571428571,0.9927952127256422
Global Politics,Current Events,0.8571428571428571,0.9927952127256422
Dating,TV shows,0.8530465949820788,0.7474094830614589
TV shows,Dating,0.8530465949820788,0.7474094830614589
Anime,Dating,0.8530465949820788,0.7371725050929481
Dating,Anime,0.8530465949820788,0.7371725050929481
Life choices,Personal Experiences,0.8491171749598716,0.1899936621977628
Personal Experiences,Life choices,0.8491171749598716,0.1899936621977628
Anime,Personal finance tips,0.8463949843260188,0.2539342026433863
Personal finance tips,Anime,0.8463949843260188,0.2539342026433863
Anime,Business and Finance,0.84375,0.24594787596164364
Business and Finance,Anime,0.84375,0.24594787596164364
Fashion,Friendship,0.8371040723981901,0.4726269936231887
Friendship,Fashion,0.8371040723981901,0.4726269936231887
Dating,Fashion,0.836,0.5442864907984252
Fashion,Dating,0.836,0.5442864907984252
Personal finance tips,TV shows,0.8348909657320872,0.24101556793910112
TV shows,Personal finance tips,0.8348909657320872,0.24101556793910112
Global Politics,US Politics,0.8333333333333334,0.9862750326691473
US Politics,Global Politics,0.8333333333333334,0.9862750326691473
Family,Fashion,0.832579185520362,0.47686119360521173
Fashion,Family,0.832579185520362,0.47686119360521173
Business and Finance,TV shows,0.8322981366459627,0.23367554445150537
TV shows,Business and Finance,0.8322981366459627,0.23367554445150537
Nature,Personal finance tips,0.8203753351206434,0.20353554186968337
Personal finance tips,Nature,0.8203753351206434,0.20353554186968337
Business and Finance,Nature,0.8181818181818182,0.19699597251393725
Nature,Business and Finance,0.8181818181818182,0.19699597251393725
Personal finance tips,Sports,0.8107255520504731,0.17567089971011945
Sports,Personal finance tips,0.8107255520504731,0.17567089971011945
Business and Finance,Sports,0.8081761006289309,0.1708540091337364
Sports,Business and Finance,0.8081761006289309,0.1708540091337364
Ethics,Nature,0.8,0.3511785873446848
Nature,Ethics,0.8,0.3511785873446848
Fashion,Travel,0.7935779816513762,0.45668631232436174
Travel,Fashion,0.7935779816513762,0.45668631232436174
Fashion,Sports,0.7924528301886793,0.3288607523107496
Sports,Fashion,0.7924528301886793,0.3288607523107496
Fitness,Personal Experiences,0.7840531561461794,0.7116755800455421
Personal Experiences,Fitness,0.7840531561461794,0.7116755800455421
Hypothetical,Mental health,0.781305114638448,0.3544212281152764
Mental health,Hypothetical,0.781305114638448,0.3544212281152764
Fashion,TV shows,0.762589928057554,0.4659602829915715
TV shows,Fashion,0.762589928057554,0.4659602829915715
Anime,Fashion,0.762589928057554,0.43443284011978345
Fashion,Anime,0.762589928057554,0.43443284011978345
Celebs,Music,0.7562724014336918,0.6422661809942606
Music,Celebs,0.7562724014336918,0.6422661809942606
Dating,Personal finance tips,0.7547169811320755,0.20526591989540693
Personal finance tips,Dating,0.7547169811320755,0.20526591989540693
Business and Finance,Dating,0.7523510971786834,0.1977549300226528
Dating,Business and Finance,0.7523510971786834,0.1977549300226528
Dating,Family,0.7419354838709677,0.7734102573048344
Family,Dating,0.7419354838709677,0.7734102573048344
Dating,Friendship,0.7389558232931727,0.7709757002222447
Friendship,Dating,0.7389558232931727,0.7709757002222447
Nature,TV shows,0.7384196185286104,0.3622707329993311
TV shows,Nature,0.7384196185286104,0.3622707329993311
Ethics,Personal Experiences,0.7379767827529021,0.35140865960486584
Personal Experiences,Ethics,0.7379767827529021,0.35140865960486584
Hypothetical,Personal Experiences,0.736998514115899,-0.5085545213507164
Personal Experiences,Hypothetical,0.736998514115899,-0.5085545213507164
Anime,Nature,0.7336956521739131,0.36657038722598995
Nature,Anime,0.7336956521739131,0.36657038722598995
Movies,Music,0.7306930693069307,0.6732196308050999
Music,Movies,0.7306930693069307,0.6732196308050999
Fitness,Life choices,0.7205387205387206,-0.13275350354754453
Life choices,Fitness,0.7205387205387206,-0.13275350354754453
Ethics,Life choices,0.7172413793103448,-0.11231418817396314
Life choices,Ethics,0.7172413793103448,-0.11231418817396314
Celebs,Hypothetical,0.7166392092257001,-0.14062168180628318
Hypothetical,Celebs,0.7166392092257001,-0.14062168180628318
Current Events,US Politics,0.7142857142857143,0.9778428343373307
US Politics,Current Events,0.7142857142857143,0.9778428343373307
Hypothetical,Music,0.7097288676236044,-0.136151898651361
Music,Hypothetical,0.7097288676236044,-0.136151898651361
Life choices,Mental health,0.7091222030981067,-0.06279751723285573
Mental health,Life choices,0.7091222030981067,-0.06279751723285573
Family,Sports,0.7034220532319392,0.3818115174546473
Sports,Family,0.7034220532319392,0.3818115174546473
Friendship,Sports,0.7007575757575758,0.3789599088165009
Sports,Friendship,0.7007575757575758,0.3789599088165009
Nature,Sports,0.6929347826086957,0.202093220992377
Sports,Nature,0.6929347826086957,0.202093220992377
Dating,Travel,0.6923076923076923,0.6594433969589072
Travel,Dating,0.6923076923076923,0.6594433969589072
Ethics,Personal finance tips,0.6873614190687362,0.03821153495902779
Personal finance tips,Ethics,0.6873614190687362,0.03821153495902779
Business and Finance,Ethics,0.6858407079646017,0.034216897151374305
Ethics,Business and Finance,0.6858407079646017,0.034216897151374305
Mental health,Music,0.6838365896980462,0.15321632373244096
Music,Mental health,0.6838365896980462,0.15321632373244096
Friendship,TV shows,0.6750902527075813,0.505239374781087
TV shows,Friendship,0.6750902527075813,0.505239374781087
Anime,Friendship,0.6750902527075813,0.5003912523674242
Friendship,Anime,0.6750902527075813,0.5003912523674242
Business and Finance,Fashion,0.6729559748427673,0.2260824755115941
Fashion,Business and Finance,0.6729559748427673,0.2260824755115941
Family,TV shows,0.6714801444043321,0.5111585578782528
TV shows,Family,0.6714801444043321,0.5111585578782528
Anime,Family,0.6714801444043321,0.5039825284052333
Family,Anime,0.6714801444043321,0.5039825284052333
Fashion,Personal finance tips,0.6698113207547169,0.11103761050555089
Personal finance tips,Fashion,0.6698113207547169,0.11103761050555089
Sports,Travel,0.6628352490421456,0.39464904092557873
Travel,Sports,0.6628352490421456,0.39464904092557873
Dating,Nature,0.6584699453551912,0.33529574553121666
Nature,Dating,0.6584699453551912,0.33529574553121666
Celebs,Kpop,0.6568421052631579,0.9913592669909673
Kpop,Celebs,0.6568421052631579,0.9913592669909673
Life choices,Music,0.651017214397496,-0.40822097270893276
Music,Life choices,0.651017214397496,-0.40822097270893276
Celebs,Life choices,0.6505636070853462,-0.44516959407587914
Life choices,Celebs,0.6505636070853462,-0.44516959407587914
Ethics,Hypothetical,0.6471544715447154,-0.19687827574398098
Hypothetical,Ethics,0.6471544715447154,-0.19687827574398098
Life choices,Nature,0.6409335727109515,0.20881979015509372
Nature,Life choices,0.6409335727109515,0.20881979015509372
Mental health,Nature,0.6402439024390244,-0.05860787516841394
Nature,Mental health,0.6402439024390244,-0.05860787516841394
Art,Travel,0.6271186440677966,0.7523435359433523
Travel,Art,0.6271186440677966,0.7523435359433523
TV shows,Travel,0.6268115942028986,0.46319374028906896
Travel,TV shows,0.6268115942028986,0.46319374028906896
Mental health,Personal Experiences,0.6226708074534162,-0.3998690011149185
Personal Experiences,Mental health,0.6226708074534162,-0.3998690011149185
Ethics,Mental health,0.6222627737226277,-0.20578793103973905
Mental health,Ethics,0.6222627737226277,-0.20578793103973905
Anime,Travel,0.6209386281588448,0.4178578978564775
Travel,Anime,0.6209386281588448,0.4178578978564775
Fitness,Hypothetical,0.6209048361934477,-0.4009625456895725
Hypothetical,Fitness,0.6209048361934477,-0.4009625456895725
Mental health,Personal finance tips,0.6196581196581197,-0.04003684911924425
Personal finance tips,Mental health,0.6196581196581197,-0.04003684911924425
Business and Finance,Mental health,0.6183368869936035,-0.04460469723890139
Mental health,Business and Finance,0.6183368869936035,-0.04460469723890139
New gadgets,Travel,0.6179775280898876,0.7832105915137326
Travel,New gadgets,0.6179775280898876,0.7832105915137326
Kpop,Music,0.6178217821782178,0.6609156547399356
Music,Kpop,0.6178217821782178,0.6609156547399356
Mental health,TV shows,0.6112359550561798,0.1009267074139974
TV shows,Mental health,0.6112359550561798,0.1009267074139974
Anime,Ethics,0.610738255033557,-0.02052834060914537
Ethics,Anime,0.610738255033557,-0.02052834060914537
Ethics,TV shows,0.610738255033557,-0.03194347901392825
TV shows,Ethics,0.610738255033557,-0.03194347901392825
Hypothetical,Nature,0.6079447322970639,-0.013499853931984388
Nature,Hypothetical,0.6079447322970639,-0.013499853931984388
Ethics,Fitness,0.6077057793345009,-0.17666800074582434
Fitness,Ethics,0.6077057793345009,-0.17666800074582434
Fitness,Movies,0.6049618320610687,-0.0935186774416984
Movies,Fitness,0.6049618320610687,-0.0935186774416984
Mental health,Movies,0.6047430830039525,-0.01641202673011972
Movies,Mental health,0.6047430830039525,-0.01641202673011972
Nature,Personal Experiences,0.6046511627906976,0.018217380136852958
Personal Experiences,Nature,0.6046511627906976,0.018217380136852958
Anime,Mental health,0.6040268456375839,0.10194327665472729
Mental health,Anime,0.6040268456375839,0.10194327665472729
Hypothetical,Movies,0.5972696245733788,-0.08516888128609174
Movies,Hypothetical,0.5972696245733788,-0.08516888128609174
Fitness,Mental health,0.591304347826087,-0.28097055998712306
Mental health,Fitness,0.591304347826087,-0.28097055998712306
Friendship,Personal finance tips,0.5880503144654088,0.20649160488661708
Personal finance tips,Friendship,0.5880503144654088,0.20649160488661708
Life choices,Movies,0.5872193436960277,-0.16200635659979487
Movies,Life choices,0.5872193436960277,-0.16200635659979487
Business and Finance,Friendship,0.5862068965517241,0.1997545260037164
Friendship,Business and Finance,0.5862068965517241,0.1997545260037164
Family,Personal finance tips,0.5849056603773585,0.20335278554075298
Personal finance tips,Family,0.5849056603773585,0.20335278554075298
Business and Finance,Family,0.5830721003134797,0.1976975391245641
Family,Business and Finance,0.5830721003134797,0.1976975391245641
Fashion,Nature,0.5803814713896458,0.2219269747940192
Nature,Fashion,0.5803814713896458,0.2219269747940192
Ethics,Sports,0.5771812080536913,-0.038382166305923573
Sports,Ethics,0.5771812080536913,-0.038382166305923573
Family,New gadgets,0.5729166666666666,0.6731964396882175
New gadgets,Family,0.5729166666666666,0.6731964396882175
Art,Family,0.5729166666666666,0.6693108376509233
Family,Art,0.5729166666666666,0.6693108376509233
Celebs,Personal Experiences,0.5722627737226277,-0.5222693760463332
Personal Experiences,Celebs,0.5722627737226277,-0.5222693760463332
Fitness,Music,0.5707395498392283,-0.26861273603223135
Music,Fitness,0.5707395498392283,-0.26861273603223135
Mental health,Sports,0.5704697986577181,0.05747924857083303
Sports,Mental health,0.5704697986577181,0.05747924857083303
Friendship,New gadgets,0.5699481865284974,0.6851789857570484
New gadgets,Friendship,0.5699481865284974,0.6851789857570484
Art,Friendship,0.5699481865284974,0.6804435674567979
Friendship,Art,0.5699481865284974,0.6804435674567979
Music,Personal Experiences,0.5657708628005658,-0.5912511162097751
Personal Experiences,Music,0.5657708628005658,-0.5912511162097751
Food and dining experiences,Travel,0.5619834710743802,0.0411669615775977
Travel,Food and dining experiences,0.5619834710743802,0.0411669615775977
Life choices,Personal finance tips,0.5613718411552346,0.127231333451202
Personal finance tips,Life choices,0.5613718411552346,0.127231333451202
Business and Finance,Life choices,0.5603603603603604,0.11644599061595053
Life choices,Business and Finance,0.5603603603603604,0.11644599061595053
Celebs,Nature,0.5594795539033457,-0.24263385116438918
Nature,Celebs,0.5594795539033457,-0.24263385116438918
Celebs,Ethics,0.5583756345177665,-0.21702120876195607
Ethics,Celebs,0.5583756345177665,-0.21702120876195607
Kpop,Movies,0.5583524027459954,-0.04727147179336618
Movies,Kpop,0.5583524027459954,-0.04727147179336618
Food and dining experiences,New gadgets,0.5566502463054187,0.0671448845843805
New gadgets,Food and dining experiences,0.5566502463054187,0.0671448845843805
Global Politics,Writing,0.5555555555555556,0.11841112866324877
Writing,Global Politics,0.5555555555555556,0.11841112866324877
Current Events,Social justice,0.5555555555555556,0.06764876770312891
Social justice,Current Events,0.5555555555555556,0.06764876770312891
Celebs,Movies,0.5514705882352942,-0.06411909241131376
Movies,Celebs,0.5514705882352942,-0.06411909241131376
Celebs,Fitness,0.5499181669394435,-0.24858155359845197
Fitness,Celebs,0.5499181669394435,-0.24858155359845197
Art,Food and dining experiences,0.5490196078431373,0.06401164564571192
Food and dining experiences,Art,0.5490196078431373,0.06401164564571192
Kpop,Mental health,0.5471311475409836,0.2411683418293052
Mental health,Kpop,0.5471311475409836,0.2411683418293052
Personal finance tips,Travel,0.5457413249211357,0.2029059891795385
Travel,Personal finance tips,0.5457413249211357,0.2029059891795385
Celebs,Sports,0.5452631578947369,-0.12476032995746163
Sports,Celebs,0.5452631578947369,-0.12476032995746163
Dating,Mental health,0.545045045045045,0.10414912626059264
Mental health,Dating,0.545045045045045,0.10414912626059264
Business and Finance,Celebs,0.544921875,-0.16470173542820382
Celebs,Business and Finance,0.544921875,-0.16470173542820382
Business and Finance,Travel,0.5440251572327044,0.1999286816009996
Travel,Business and Finance,0.5440251572327044,0.1999286816009996
Celebs,Personal finance tips,0.54296875,-0.17882909290994242
Personal finance tips,Celebs,0.54296875,-0.17882909290994242
Dating,Ethics,0.5413870246085011,-0.07819361509902734
Ethics,Dating,0.5413870246085011,-0.07819361509902734
Hypothetical,Personal finance tips,0.5365853658536586,-0.016666070685353532
Personal finance tips,Hypothetical,0.5365853658536586,-0.016666070685353532
Business and Finance,Hypothetical,0.5356521739130434,-0.02387868018259721
Hypothetical,Business and Finance,0.5356521739130434,-0.02387868018259721
Fitness,Nature,0.5311355311355311,-0.22737807579889957
Nature,Fitness,0.5311355311355311,-0.22737807579889957
Celebs,TV shows,0.5285714285714286,-0.21686878820808417
TV shows,Celebs,0.5285714285714286,-0.21686878820808417
Anime,Celebs,0.5285714285714286,-0.2229467785144862
Celebs,Anime,0.5285714285714286,-0.2229467785144862
Family,Food and dining experiences,0.5193798449612403,-0.003115439032271163
Food and dining experiences,Family,0.5193798449612403,-0.003115439032271163
Food and dining experiences,Friendship,0.5173745173745173,-0.006015422633377588
Friendship,Food and dining experiences,0.5173745173745173,-0.006015422633377588
Personal Experiences,Personal finance tips,0.5132013201320133,-0.1344386710231442
Personal finance tips,Personal Experiences,0.5132013201320133,-0.1344386710231442
Business and Finance,Personal Experiences,0.5123558484349259,-0.14229071372472696
Personal Experiences,Business and Finance,0.5123558484349259,-0.14229071372472696
Friendship,Nature,0.5095367847411444,0.23704503998102655
Nature,Friendship,0.5095367847411444,0.23704503998102655
Fashion,New gadgets,0.5091743119266054,0.3303421196232329
New gadgets,Fashion,0.5091743119266054,0.3303421196232329
Art,Fashion,0.5091743119266054,0.2986026142275364
Fashion,Art,0.5091743119266054,0.2986026142275364
Family,Nature,0.5068119891008175,0.2425568590755965
Nature,Family,0.5068119891008175,0.2425568590755965
Celebs,Dating,0.5052410901467506,-0.19857960304074126
Dating,Celebs,0.5052410901467506,-0.19857960304074126
Current Events,Writing,0.5,0.11326472778848198
Writing,Current Events,0.5,0.11326472778848198
Movies,Personal Experiences,0.4984567901234568,-0.29847929136913615
Personal Experiences,Movies,0.4984567901234568,-0.29847929136913615
Anime,Life choices,0.49818181818181817,0.3747370751531978
Life choices,Anime,0.49818181818181817,0.3747370751531978
Life choices,TV shows,0.49818181818181817,0.36411495360202123
TV shows,Life choices,0.49818181818181817,0.36411495360202123
Fashion,Food and dining experiences,0.4858156028368794,-0.017280073842867883
Food and dining experiences,Fashion,0.4858156028368794,-0.017280073842867883
Anime,Hypothetical,0.48324514991181655,0.08375773499487643
Hypothetical,Anime,0.48324514991181655,0.08375773499487643
Hypothetical,TV shows,0.48324514991181655,0.08207882036388266
TV shows,Hypothetical,0.48324514991181655,0.08207882036388266
Fashion,Mental health,0.48089887640449436,0.036046959814338274
Mental health,Fashion,0.48089887640449436,0.036046959814338274
Ethics,Fashion,0.47767857142857145,-0.07462640985256459
Fashion,Ethics,0.47767857142857145,-0.07462640985256459
Nature,Travel,0.4767123287671233,0.18327414261606104
Travel,Nature,0.4767123287671233,0.18327414261606104
Ethics,Music,0.4744186046511628,-0.30081896039188477
Music,Ethics,0.4744186046511628,-0.30081896039188477
Life choices,Sports,0.4709090909090909,0.25011358557021746
Sports,Life choices,0.4709090909090909,0.25011358557021746
Dating,Food and dining experiences,0.46710526315789475,-0.0037732406821109274
Food and dining experiences,Dating,0.46710526315789475,-0.0037732406821109274
Fitness,Personal finance tips,0.4655493482309125,-0.17723921599035955
Personal finance tips,Fitness,0.4655493482309125,-0.17723921599035955
Business and Finance,Fitness,0.4646840148698885,-0.17994790774441574
Fitness,Business and Finance,0.4646840148698885,-0.17994790774441574
Dating,New gadgets,0.45901639344262296,0.4627323784980049
New gadgets,Dating,0.45901639344262296,0.4627323784980049
Food and dining experiences,Sports,0.45741324921135645,0.01872612953810661
Sports,Food and dining experiences,0.45741324921135645,0.01872612953810661
Hypothetical,Sports,0.4567901234567901,0.03842131809896923
Sports,Hypothetical,0.4567901234567901,0.03842131809896923
Anime,Personal Experiences,0.45514950166112955,-0.09123294611920423
Personal Experiences,Anime,0.45514950166112955,-0.09123294611920423
Personal Experiences,TV shows,0.45514950166112955,-0.1055073188901931
TV shows,Personal Experiences,0.45514950166112955,-0.1055073188901931
Hypothetical,Kpop,0.44810543657331137,-0.14357922377407129
Kpop,Hypothetical,0.44810543657331137,-0.14357922377407129
Art,Dating,0.44715447154471544,0.44737969003814987
Dating,Art,0.44715447154471544,0.44737969003814987
Celebs,Fashion,0.4456066945606695,-0.09724294538867187
Fashion,Celebs,0.4456066945606695,-0.09724294538867187
US Politics,Writing,0.4444444444444444,0.0612047273320394
Writing,US Politics,0.4444444444444444,0.0612047273320394
Global Politics,Social justice,0.4444444444444444,0.05381280526627388
Social justice,Global Politics,0.4444444444444444,0.05381280526627388
Music,Nature,0.4435215946843854,-0.35907824249675035
Nature,Music,0.4435215946843854,-0.35907824249675035
Dating,Life choices,0.44181818181818183,0.3383018040825225
Life choices,Dating,0.44181818181818183,0.3383018040825225
Food and dining experiences,TV shows,0.44108761329305135,-0.05713531419725408
TV shows,Food and dining experiences,0.44108761329305135,-0.05713531419725408
Ethics,Movies,0.43992932862190814,-0.1695603667893443
Movies,Ethics,0.43992932862190814,-0.1695603667893443
Anime,Food and dining experiences,0.43243243243243246,-0.08070643895469724
Food and dining experiences,Anime,0.43243243243243246,-0.08070643895469724
Personal Experiences,Sports,0.43023255813953487,-0.07133227583174057
Sports,Personal Experiences,0.43023255813953487,-0.07133227583174057
Dating,Hypothetical,0.42857142857142855,0.06649708384674623
Hypothetical,Dating,0.42857142857142855,0.06649708384674623
Art,Sports,0.42528735632183906,0.355266844446275
Sports,Art,0.42528735632183906,0.355266844446275
New gadgets,Sports,0.42528735632183906,0.3093711149129287
Sports,New gadgets,0.42528735632183906,0.3093711149129287
Food and dining experiences,Gaming,0.4246575342465753,0.4462881090308869
Gaming,Food and dining experiences,0.4246575342465753,0.4462881090308869
Anime,Fitness,0.42366412213740456,-0.25901849584732284
Fitness,Anime,0.42366412213740456,-0.25901849584732284
Fitness,TV shows,0.42366412213740456,-0.26765147676168083
TV shows,Fitness,0.42366412213740456,-0.26765147676168083
Friendship,Mental health,0.42247191011235957,0.10376422542256172
Mental health,Friendship,0.42247191011235957,0.10376422542256172
Family,Mental health,0.4202247191011236,0.10022327354519849
Mental health,Family,0.4202247191011236,0.10022327354519849
Ethics,Friendship,0.41648106904231624,-0.1002672022518472
Friendship,Ethics,0.41648106904231624,-0.1002672022518472
Ethics,Family,0.4142538975501114,-0.10060048119700139
Family,Ethics,0.4142538975501114,-0.10060048119700139
New gadgets,TV shows,0.4124087591240876,0.3299940927586126
TV shows,New gadgets,0.4124087591240876,0.3299940927586126
Fitness,Sports,0.40847784200385356,-0.18837806810296098
Sports,Fitness,0.40847784200385356,-0.18837806810296098
Art,TV shows,0.4072727272727273,0.3106567658309857
TV shows,Art,0.4072727272727273,0.3106567658309857
Anime,New gadgets,0.4072727272727273,0.29142779306199207
New gadgets,Anime,0.4072727272727273,0.29142779306199207
Anime,Art,0.40217391304347827,0.28621306149864734
Art,Anime,0.40217391304347827,0.28621306149864734
Movies,Nature,0.40152963671128106,-0.20346595056187153
Nature,Movies,0.40152963671128106,-0.20346595056187153
Dating,Personal Experiences,0.4013266998341625,-0.08549651321398294
Personal Experiences,Dating,0.4013266998341625,-0.08549651321398294
Business and Finance,Music,0.40102389078498296,-0.25643217536996066
Music,Business and Finance,0.40102389078498296,-0.25643217536996066
Food and dining experiences,Personal finance tips,0.4,-0.05872469058798244
Personal finance tips,Food and dining experiences,0.4,-0.05872469058798244
Music,Personal finance tips,0.3993174061433447,-0.26573681234896973
Personal finance tips,Music,0.3993174061433447,-0.26573681234896973
Business and Finance,Food and dining experiences,0.39892183288409705,-0.058121886243172306
Food and dining experiences,Business and Finance,0.39892183288409705,-0.058121886243172306
Mental health,Travel,0.39503386004514673,0.09662878441563795
Travel,Mental health,0.39503386004514673,0.09662878441563795
Fashion,Life choices,0.39019963702359345,0.1955878015568556
Life choices,Fashion,0.39019963702359345,0.1955878015568556
Fitness,Kpop,0.3900709219858156,-0.22099761975581309
Kpop,Fitness,0.3900709219858156,-0.22099761975581309
Ethics,Travel,0.38926174496644295,-0.10111574827331381
Travel,Ethics,0.38926174496644295,-0.10111574827331381
Music,TV shows,0.38859180035650626,-0.36019503733441366
TV shows,Music,0.38859180035650626,-0.36019503733441366
Celebs,Friendship,0.3883089770354906,-0.2092022764221078
Friendship,Celebs,0.3883089770354906,-0.2092022764221078
Kpop,Life choices,0.38808373590982287,-0.46756570051323343
Life choices,Kpop,0.38808373590982287,-0.46756570051323343
Celebs,Family,0.3862212943632568,-0.20881049620748873
Family,Celebs,0.3862212943632568,-0.20881049620748873
Anime,Music,0.3836589698046181,-0.37604787456277666
Music,Anime,0.3836589698046181,-0.37604787456277666
Food and dining experiences,Nature,0.3829268292682927,-0.10420926243835096
Nature,Food and dining experiences,0.3829268292682927,-0.10420926243835096
Fashion,Hypothetical,0.3785211267605634,0.0009869533716227131
Hypothetical,Fashion,0.3785211267605634,0.0009869533716227131
Dating,Fitness,0.37764932562620424,-0.27979637044012007
Fitness,Dating,0.37764932562620424,-0.27979637044012007
Horoscope,Social justice,0.375,0.8146657825584683
Social justice,Horoscope,0.375,0.8146657825584683
Food and dining experiences,Mental health,0.37154989384288745,-0.10661844026660815
Mental health,Food and dining experiences,0.37154989384288745,-0.10661844026660815
Music,Sports,0.36917562724014336,-0.26533946153830124
Sports,Music,0.36917562724014336,-0.26533946153830124
Celebs,Travel,0.36554621848739494,-0.1782070405165459
Travel,Celebs,0.36554621848739494,-0.1782070405165459
Dating,Music,0.36496350364963503,-0.35508772996438903
Music,Dating,0.36496350364963503,-0.35508772996438903
Social justice,Writing,0.36363636363636365,0.08559181560139038
Writing,Social justice,0.36363636363636365,0.08559181560139038
Food and dining experiences,Music,0.36153846153846153,-0.06224449188804377
Music,Food and dining experiences,0.36153846153846153,-0.06224449188804377
Food and dining experiences,Hypothetical,0.35802469135802467,0.2954273547754388
Hypothetical,Food and dining experiences,0.35802469135802467,0.2954273547754388
Fashion,Personal Experiences,0.35655058043117743,-0.07835830834559888
Personal Experiences,Fashion,0.35655058043117743,-0.07835830834559888
Art,Personal finance tips,0.35443037974683544,0.18644552767582967
Personal finance tips,Art,0.35443037974683544,0.18644552767582967
Art,Business and Finance,0.35331230283911674,0.18756637740518872
Business and Finance,Art,0.35331230283911674,0.18756637740518872
Food and dining experiences,Life choices,0.3518850987432675,0.0038372403576224672
Life choices,Food and dining experiences,0.3518850987432675,0.0038372403576224672
Celebs,Food and dining experiences,0.350597609561753,-0.09960876703043686
Food and dining experiences,Celebs,0.350597609561753,-0.09960876703043686
New gadgets,Personal finance tips,0.3501577287066246,0.18904333281888847
Personal finance tips,New gadgets,0.3501577287066246,0.18904333281888847
Movies,Personal finance tips,0.34911242603550297,-0.15657010881014638
Personal finance tips,Movies,0.34911242603550297,-0.15657010881014638
Business and Finance,New gadgets,0.3490566037735849,0.1857688478552216
New gadgets,Business and Finance,0.3490566037735849,0.1857688478552216
Business and Finance,Movies,0.3484251968503937,-0.15730663347052212
Movies,Business and Finance,0.3484251968503937,-0.15730663347052212
Friendship,Life choices,0.34545454545454546,0.2619935425319502
Life choices,Friendship,0.34545454545454546,0.2619935425319502
Fashion,Fitness,0.34375,-0.19428185025162167
Fitness,Fashion,0.34375,-0.19428185025162167
Family,Life choices,0.34363636363636363,0.2613563654805846
Life choices,Family,0.34363636363636363,0.2613563654805846
Fashion,Music,0.34014869888475835,-0.2102271834520874
Music,Fashion,0.34014869888475835,-0.2102271834520874
Movies,TV shows,0.3367983367983368,-0.20475093150248946
TV shows,Movies,0.3367983367983368,-0.20475093150248946
Kpop,Personal Experiences,0.3362573099415205,-0.5014361464997675
Personal Experiences,Kpop,0.3362573099415205,-0.5014361464997675
Social justice,US Politics,0.3333333333333333,0.016364122133969036
US Politics,Social justice,0.3333333333333333,0.016364122133969036
Friendship,Hypothetical,0.33274647887323944,0.03127939567845045
Hypothetical,Friendship,0.33274647887323944,0.03127939567845045
Anime,Movies,0.33126293995859213,-0.2139082428559665
Movies,Anime,0.33126293995859213,-0.2139082428559665
Family,Hypothetical,0.33098591549295775,0.028826821922323546
Hypothetical,Family,0.33098591549295775,0.028826821922323546
Ethics,Food and dining experiences,0.32991803278688525,-0.10843829572074047
Food and dining experiences,Ethics,0.32991803278688525,-0.10843829572074047
Food and dining experiences,Personal Experiences,0.319672131147541,-0.14693543941285744
Personal Experiences,Food and dining experiences,0.319672131147541,-0.14693543941285744
Life choices,Travel,0.3181818181818182,0.22865502116329875
Travel,Life choices,0.3181818181818182,0.22865502116329875
Movies,Sports,0.3165618448637317,-0.16444396366096242
Sports,Movies,0.3165618448637317,-0.16444396366096242
Friendship,Personal Experiences,0.31561461794019935,-0.0402327763428266
Personal Experiences,Friendship,0.31561461794019935,-0.0402327763428266
Family,Personal Experiences,0.313953488372093,-0.04170377948572922
Personal Experiences,Family,0.313953488372093,-0.04170377948572922
Friendship,Music,0.31379962192816635,-0.3154906359407235
Music,Friendship,0.31379962192816635,-0.3154906359407235
Fitness,Friendship,0.3134920634920635,-0.24720604322196293
Friendship,Fitness,0.3134920634920635,-0.24720604322196293
Dating,Movies,0.3133047210300429,-0.20996513592006485
Movies,Dating,0.3133047210300429,-0.20996513592006485
Family,Music,0.31190926275992437,-0.31531734930352645
Music,Family,0.31190926275992437,-0.31531734930352645
Family,Fitness,0.3115079365079365,-0.24351111281643584
Fitness,Family,0.3115079365079365,-0.24351111281643584
Music,Travel,0.31021194605009633,-0.2736255058552647
Travel,Music,0.31021194605009633,-0.2736255058552647
Hypothetical,Travel,0.30864197530864196,0.03744701611442135
Travel,Hypothetical,0.30864197530864196,0.03744701611442135
Art,Nature,0.30684931506849317,0.10362032885770771
Nature,Art,0.30684931506849317,0.10362032885770771
Nature,New gadgets,0.30684931506849317,0.10163871019404515
New gadgets,Nature,0.30684931506849317,0.10163871019404515
Personal Experiences,Travel,0.29069767441860467,-0.06566293704856016
Travel,Personal Experiences,0.29069767441860467,-0.06566293704856016
Fitness,Travel,0.28884462151394424,-0.24627059029896
Travel,Fitness,0.28884462151394424,-0.24627059029896
Horoscope,US Politics,0.2857142857142857,0.0021595540154108225
US Politics,Horoscope,0.2857142857142857,0.0021595540154108225
Ethics,Kpop,0.2847457627118644,-0.2070922304967659
Kpop,Ethics,0.2847457627118644,-0.2070922304967659
Fitness,Food and dining experiences,0.2808349146110057,-0.16013950160653592
Food and dining experiences,Fitness,0.2808349146110057,-0.16013950160653592
Food and dining experiences,Movies,0.2796420581655481,-0.08854922376001671
Movies,Food and dining experiences,0.2796420581655481,-0.08854922376001671
Fashion,Movies,0.27450980392156865,-0.14586101994629333
Movies,Fashion,0.27450980392156865,-0.14586101994629333
Kpop,Nature,0.26591760299625467,-0.2602438223464334
Nature,Kpop,0.26591760299625467,-0.2602438223464334
Mental health,New gadgets,0.255079006772009,0.049189926710015444
New gadgets,Mental health,0.255079006772009,0.049189926710015444
Ethics,New gadgets,0.2533632286995516,-0.08595636361163249
New gadgets,Ethics,0.2533632286995516,-0.08595636361163249
Art,Mental health,0.25225225225225223,0.05685007139274731
Mental health,Art,0.25225225225225223,0.05685007139274731
Art,Ethics,0.2505592841163311,-0.08820947935438829
Ethics,Art,0.2505592841163311,-0.08820947935438829
Horoscope,Software updates,0.25,0.037348692526179325
Software updates,Horoscope,0.25,0.037348692526179325
Global Politics,Horoscope,0.25,0.007401601834220133
Horoscope,Global Politics,0.25,0.007401601834220133
Family,Movies,0.24553571428571427,-0.20133833536703205
Movies,Family,0.24553571428571427,-0.20133833536703205
Friendship,Movies,0.24498886414253898,-0.20215337923670423
Movies,Friendship,0.24498886414253898,-0.20215337923670423
Movies,Travel,0.2448512585812357,-0.17758394820140241
Travel,Movies,0.2448512585812357,-0.17758394820140241
Celebs,New gadgets,0.23529411764705882,-0.14201216106253636
New gadgets,Celebs,0.23529411764705882,-0.14201216106253636
Art,Celebs,0.23529411764705882,-0.14487012157751436
Celebs,Art,0.23529411764705882,-0.14487012157751436
Business and Finance,Kpop,0.23137254901960785,-0.18014988757846018
Kpop,Business and Finance,0.23137254901960785,-0.18014988757846018
Kpop,Personal finance tips,0.22941176470588234,-0.19429432614357917
Personal finance tips,Kpop,0.22941176470588234,-0.19429432614357917
Food and dining experiences,Kpop,0.2261904761904762,-0.1130904595705148
Kpop,Food and dining experiences,0.2261904761904762,-0.1130904595705148
Art,Music,0.22376237623762377,-0.20928263324639051
Music,Art,0.22376237623762377,-0.20928263324639051
Music,New gadgets,0.22376237623762377,-0.2098624524424303
New gadgets,Music,0.22376237623762377,-0.2098624524424303
Current Events,Horoscope,0.2222222222222222,0.008288892570878448
Horoscope,Current Events,0.2222222222222222,0.008288892570878448
Dating,Kpop,0.20915032679738563,-0.27503238846395717
Kpop,Dating,0.20915032679738563,-0.27503238846395717
Kpop,TV shows,0.20824742268041238,-0.2789379928380086
TV shows,Kpop,0.20824742268041238,-0.2789379928380086
Life choices,New gadgets,0.20545454545454545,0.18917999173804614
New gadgets,Life choices,0.20545454545454545,0.18917999173804614
Art,Life choices,0.20545454545454545,0.1882806524441748
Life choices,Art,0.20545454545454545,0.1882806524441748
Kpop,Sports,0.20464135021097046,-0.21587297255065596
Sports,Kpop,0.20464135021097046,-0.21587297255065596
Anime,Kpop,0.2032854209445585,-0.2875848927557867
Kpop,Anime,0.2032854209445585,-0.2875848927557867
Fitness,New gadgets,0.20123203285420946,-0.1900530848191803
New gadgets,Fitness,0.20123203285420946,-0.1900530848191803
Software updates,US Politics,0.2,0.017449218752516118
US Politics,Software updates,0.2,0.017449218752516118
Horoscope,Writing,0.2,0.006461107734532172
Writing,Horoscope,0.2,0.006461107734532172
Hypothetical,New gadgets,0.19929453262786595,0.008663805733694262
New gadgets,Hypothetical,0.19929453262786595,0.008663805733694262
Art,Fitness,0.1987704918032787,-0.18080356520993843
Fitness,Art,0.1987704918032787,-0.18080356520993843
Art,Hypothetical,0.19718309859154928,0.012740415113606223
Hypothetical,Art,0.19718309859154928,0.012740415113606223
Gaming,Hypothetical,0.19223985890652556,0.7150308637135437
Hypothetical,Gaming,0.19223985890652556,0.7150308637135437
Fashion,Kpop,0.1891891891891892,-0.13695219618330984
Kpop,Fashion,0.1891891891891892,-0.13695219618330984
Art,Personal Experiences,0.1877076411960133,-0.04869517518514635
Personal Experiences,Art,0.1877076411960133,-0.04869517518514635
New gadgets,Personal Experiences,0.1877076411960133,-0.052571789481882944
Personal Experiences,New gadgets,0.1877076411960133,-0.052571789481882944
Gaming,Kpop,0.18591549295774648,-0.11413549793470912
Kpop,Gaming,0.18591549295774648,-0.11413549793470912
Movies,New gadgets,0.1784841075794621,-0.137281136007174
New gadgets,Movies,0.1784841075794621,-0.137281136007174
Kpop,Travel,0.17067307692307693,-0.22322628027259053
Travel,Kpop,0.17067307692307693,-0.22322628027259053
Art,Movies,0.16990291262135923,-0.14106046694476151
Movies,Art,0.16990291262135923,-0.14106046694476151
Friendship,Kpop,0.16744186046511628,-0.24768588816995982
Kpop,Friendship,0.16744186046511628,-0.24768588816995982
Global Politics,Software updates,0.16666666666666666,0.06174070162574495
Software updates,Global Politics,0.16666666666666666,0.06174070162574495
Family,Kpop,0.16511627906976745,-0.2481347959810627
Kpop,Family,0.16511627906976745,-0.2481347959810627
Gaming,Life choices,0.156140350877193,-0.18522703333630103
Life choices,Gaming,0.156140350877193,-0.18522703333630103
Gaming,Movies,0.15180722891566265,-0.10513524539762953
Movies,Gaming,0.15180722891566265,-0.10513524539762953
Gaming,Music,0.149812734082397,-0.10881422720891967
Music,Gaming,0.149812734082397,-0.10881422720891967
Gaming,Personal Experiences,0.14308681672025725,-0.23520407750829023
Personal Experiences,Gaming,0.14308681672025725,-0.23520407750829023
Social justice,Software updates,0.14285714285714285,0.12228013147739285
Software updates,Social justice,0.14285714285714285,0.12228013147739285
Current Events,Software updates,0.14285714285714285,0.08468342196985984
Software updates,Current Events,0.14285714285714285,0.08468342196985984
Gaming,Mental health,0.13580246913580246,-0.18049764943944524
Mental health,Gaming,0.13580246913580246,-0.18049764943944524
Celebs,Gaming,0.13178294573643412,-0.1296789490781268
Gaming,Celebs,0.13178294573643412,-0.1296789490781268
Software updates,Writing,0.125,0.10863040288355084
Writing,Software updates,0.125,0.10863040288355084
Kpop,New gadgets,0.11842105263157894,-0.17682709421657883
New gadgets,Kpop,0.11842105263157894,-0.17682709421657883
Art,Kpop,0.11548556430446194,-0.17792643287996482
Kpop,Art,0.11548556430446194,-0.17792643287996482
Gaming,Sports,0.11515151515151516,-0.10832439244980278
Sports,Gaming,0.11515151515151516,-0.10832439244980278
Gaming,Travel,0.11372549019607843,-0.11855266961181245
Travel,Gaming,0.11372549019607843,-0.11855266961181245
Gaming,Nature,0.11294117647058824,-0.15344665238631644
Nature,Gaming,0.11294117647058824,-0.15344665238631644
Fitness,Gaming,0.11089866156787763,-0.159383302674068
Gaming,Fitness,0.11089866156787763,-0.159383302674068
Gaming,Personal finance tips,0.10704960835509138,-0.10938295366095618
Personal finance tips,Gaming,0.10704960835509138,-0.10938295366095618
Gaming,TV shows,0.1069364161849711,-0.15692054675739533
TV shows,Gaming,0.1069364161849711,-0.15692054675739533
Dating,Gaming,0.1069182389937107,-0.15503558787827823
Gaming,Dating,0.1069182389937107,-0.15503558787827823
Business and Finance,Gaming,0.10677083333333333,-0.10937961259904312
Gaming,Business and Finance,0.10677083333333333,-0.10937961259904312
Gaming,New gadgets,0.1044776119402985,-0.09054598884683684
New gadgets,Gaming,0.1044776119402985,-0.09054598884683684
Anime,Gaming,0.1037463976945245,-0.16262699570026695
Gaming,Anime,0.1037463976945245,-0.16262699570026695
Ethics,Gaming,0.10337972166998012,-0.11593104293991109
Gaming,Ethics,0.10337972166998012,-0.11593104293991109
Fashion,Gaming,0.1016949152542373,-0.10510721984390496
Gaming,Fashion,0.1016949152542373,-0.10510721984390496
Family,Gaming,0.0996309963099631,-0.13712303384518768
Gaming,Family,0.0996309963099631,-0.13712303384518768
Friendship,Gaming,0.09926470588235294,-0.13769671972977973
Gaming,Friendship,0.09926470588235294,-0.13769671972977973
Art,Gaming,0.09900990099009901,-0.09186418178986912
Gaming,Art,0.09900990099009901,-0.09186418178986912
Art,Social justice,0.061946902654867256,0.08705462123463037
Social justice,Art,0.061946902654867256,0.08705462123463037
Gaming,Social justice,0.05454545454545454,-0.004420946745143982
Social justice,Gaming,0.05454545454545454,-0.004420946745143982
Current Events,Gaming,0.05454545454545454,-0.006614685216534457
Gaming,Current Events,0.05454545454545454,-0.006614685216534457
Gaming,Writing,0.05405405405405406,-0.007834486953973608
Writing,Gaming,0.05405405405405406,-0.007834486953973608
New gadgets,Social justice,0.05263157894736842,0.07411667330736481
Social justice,New gadgets,0.05263157894736842,0.07411667330736481
Current Events,New gadgets,0.05263157894736842,0.05720308063923489
New gadgets,Current Events,0.05263157894736842,0.05720308063923489
New gadgets,Writing,0.05217391304347826,0.10613790129890006
Writing,New gadgets,0.05217391304347826,0.10613790129890006
Gaming,Global Politics,0.045454545454545456,-0.008346400100221646
Global Politics,Gaming,0.045454545454545456,-0.008346400100221646
Global Politics,New gadgets,0.043859649122807015,0.049048117318302595
New gadgets,Global Politics,0.043859649122807015,0.049048117318302595
Art,Current Events,0.043478260869565216,0.004028042664249543
Current Events,Art,0.043478260869565216,0.004028042664249543
Art,Writing,0.04310344827586207,0.034661417688325744
Writing,Art,0.04310344827586207,0.034661417688325744
Current Events,Travel,0.04,0.1732656665996724
Travel,Current Events,0.04,0.1732656665996724
Social justice,Travel,0.04,0.1639972068101876
Travel,Social justice,0.04,0.1639972068101876
Travel,Writing,0.03977272727272727,0.11546499777562283
Writing,Travel,0.03977272727272727,0.11546499777562283
Fashion,Writing,0.037037037037037035,0.20756364710231762
Writing,Fashion,0.037037037037037035,0.20756364710231762
Current Events,Family,0.037037037037037035,0.07822003784014007
Family,Current Events,0.037037037037037035,0.07822003784014007
Friendship,Writing,0.03664921465968586,0.0342765033427027
Writing,Friendship,0.03664921465968586,0.0342765033427027
Gaming,US Politics,0.03636363636363636,-0.01068578663815086
US Politics,Gaming,0.03636363636363636,-0.01068578663815086
New gadgets,US Politics,0.03508771929824561,0.016146629968590658
US Politics,New gadgets,0.03508771929824561,0.016146629968590658
Art,Global Politics,0.034782608695652174,0.0006342150668958604
Global Politics,Art,0.034782608695652174,0.0006342150668958604
Current Events,Food and dining experiences,0.034482758620689655,0.07849348802275229
Food and dining experiences,Current Events,0.034482758620689655,0.07849348802275229
Food and dining experiences,Social justice,0.034482758620689655,0.048867647593613575
Social justice,Food and dining experiences,0.034482758620689655,0.048867647593613575
Food and dining experiences,Writing,0.03431372549019608,0.03578151868306559
Writing,Food and dining experiences,0.03431372549019608,0.03578151868306559
Global Politics,Travel,0.03428571428571429,0.16667932221179357
Travel,Global Politics,0.03428571428571429,0.16667932221179357
Current Events,Fashion,0.032407407407407406,0.14705624437424003
Fashion,Current Events,0.032407407407407406,0.14705624437424003
Family,Global Politics,0.031746031746031744,0.08060626618669536
Global Politics,Family,0.031746031746031744,0.08060626618669536
Friendship,Global Politics,0.031578947368421054,0.041606544465273176
Global Politics,Friendship,0.031578947368421054,0.041606544465273176
Current Events,Friendship,0.031413612565445025,0.03939480518665203
Friendship,Current Events,0.031413612565445025,0.03939480518665203
Family,Writing,0.031413612565445025,0.001856760438634993
Writing,Family,0.031413612565445025,0.001856760438634993
Food and dining experiences,Global Politics,0.029556650246305417,0.07558336150875772
Global Politics,Food and dining experiences,0.029556650246305417,0.07558336150875772
Dating,Writing,0.028688524590163935,0.015251230355039572
Writing,Dating,0.028688524590163935,0.015251230355039572
Travel,US Politics,0.02857142857142857,0.1379408876048691
US Politics,Travel,0.02857142857142857,0.1379408876048691
Fashion,Global Politics,0.027777777777777776,0.14234590256407287
Global Politics,Fashion,0.027777777777777776,0.14234590256407287
Fashion,Social justice,0.027649769585253458,0.053442526767952185
Social justice,Fashion,0.027649769585253458,0.053442526767952185
Gaming,Horoscope,0.02727272727272727,-0.007838942250186763
Horoscope,Gaming,0.02727272727272727,-0.007838942250186763
Current Events,Sports,0.02702702702702703,0.161795818290823
Sports,Current Events,0.02702702702702703,0.161795818290823
Sports,Writing,0.026923076923076925,0.07780628139165845
Writing,Sports,0.026923076923076925,0.07780628139165845
Family,US Politics,0.026455026455026454,0.08122537000386595
US Politics,Family,0.026455026455026454,0.08122537000386595
Horoscope,New gadgets,0.02631578947368421,0.07116472871263865
New gadgets,Horoscope,0.02631578947368421,0.07116472871263865
Friendship,US Politics,0.02631578947368421,0.042657414836670814
US Politics,Friendship,0.02631578947368421,0.042657414836670814
Art,Horoscope,0.02631578947368421,0.03489759161144383
Horoscope,Art,0.02631578947368421,0.03489759161144383
Family,Social justice,0.02617801047120419,-0.021573227152676705
Social justice,Family,0.02617801047120419,-0.021573227152676705
Art,US Politics,0.02608695652173913,-0.008954340867814246
US Politics,Art,0.02608695652173913,-0.008954340867814246
Friendship,Social justice,0.026041666666666668,-0.02108674692035549
Social justice,Friendship,0.026041666666666668,-0.02108674692035549
Current Events,TV shows,0.025547445255474453,0.13797528340458948
TV shows,Current Events,0.025547445255474453,0.13797528340458948
Social justice,TV shows,0.025547445255474453,0.09914464480864578
TV shows,Social justice,0.025547445255474453,0.09914464480864578
Anime,Current Events,0.025547445255474453,0.02019458023268043
Current Events,Anime,0.025547445255474453,0.02019458023268043
TV shows,Writing,0.025454545454545455,0.03122746669749363
Writing,TV shows,0.025454545454545455,0.03122746669749363
Anime,Writing,0.025454545454545455,-0.0024360485857649328
Writing,Anime,0.025454545454545455,-0.0024360485857649328
Personal finance tips,Writing,0.025396825396825397,0.013941437076237876
Writing,Personal finance tips,0.025396825396825397,0.013941437076237876
Business and Finance,Writing,0.02531645569620253,0.0174211784184433
Writing,Business and Finance,0.02531645569620253,0.0174211784184433
Food and dining experiences,US Politics,0.024630541871921183,0.06630830266735241
US Politics,Food and dining experiences,0.024630541871921183,0.06630830266735241
Current Events,Dating,0.02459016393442623,-0.0007901252737970883
Dating,Current Events,0.02459016393442623,-0.0007901252737970883
Dating,Social justice,0.02459016393442623,-0.0066255094357182895
Social justice,Dating,0.02459016393442623,-0.0066255094357182895
Global Politics,Sports,0.023166023166023165,0.13366498590477568
Sports,Global Politics,0.023166023166023165,0.13366498590477568
Fashion,US Politics,0.023148148148148147,0.11757135132270713
US Politics,Fashion,0.023148148148148147,0.11757135132270713
Social justice,Sports,0.023076923076923078,0.04698431870131769
Sports,Social justice,0.023076923076923078,0.04698431870131769
Current Events,Personal finance tips,0.022222222222222223,0.015733162936168988
Personal finance tips,Current Events,0.022222222222222223,0.015733162936168988
Business and Finance,Current Events,0.022151898734177215,0.01712163412887807
Current Events,Business and Finance,0.022151898734177215,0.01712163412887807
Nature,Writing,0.02197802197802198,0.014471746557194546
Writing,Nature,0.02197802197802198,0.014471746557194546
Global Politics,TV shows,0.021897810218978103,0.13519294725914757
TV shows,Global Politics,0.021897810218978103,0.13519294725914757
Anime,Global Politics,0.021897810218978103,0.02200657608255149
Global Politics,Anime,0.021897810218978103,0.02200657608255149
Anime,Social justice,0.02181818181818182,-0.01733266879255828
Social justice,Anime,0.02181818181818182,-0.01733266879255828
Dating,Global Politics,0.020491803278688523,-0.0020749543764580604
Global Politics,Dating,0.020491803278688523,-0.0020749543764580604
Food and dining experiences,Horoscope,0.019704433497536946,0.05192546314027594
Horoscope,Food and dining experiences,0.019704433497536946,0.05192546314027594
Sports,US Politics,0.019305019305019305,0.11798961983431532
US Politics,Sports,0.019305019305019305,0.11798961983431532
Nature,Social justice,0.019230769230769232,0.0031244588124317756
Social justice,Nature,0.019230769230769232,0.0031244588124317756
Current Events,Nature,0.019230769230769232,0.0012919728321854193
Nature,Current Events,0.019230769230769232,0.0012919728321854193
Kpop,Social justice,0.019169329073482427,-0.0019488753390027047
Social justice,Kpop,0.019169329073482427,-0.0019488753390027047
Kpop,Writing,0.01910828025477707,-0.029477302855424062
Writing,Kpop,0.01910828025477707,-0.029477302855424062
Global Politics,Personal finance tips,0.01904761904761905,0.015986067725482864
Personal finance tips,Global Politics,0.01904761904761905,0.015986067725482864
Business and Finance,Global Politics,0.0189873417721519,0.0174865295049326
Global Politics,Business and Finance,0.0189873417721519,0.0174865295049326
Personal finance tips,Social justice,0.0189873417721519,-0.014156955948013233
Social justice,Personal finance tips,0.0189873417721519,-0.014156955948013233
Movies,Social justice,0.018970189701897018,0.008850991371573426
Social justice,Movies,0.018970189701897018,0.008850991371573426
Business and Finance,Social justice,0.01892744479495268,-0.012938100328158501
Social justice,Business and Finance,0.01892744479495268,-0.012938100328158501
Movies,Writing,0.01891891891891892,-0.00924789589250117
Writing,Movies,0.01891891891891892,-0.00924789589250117
TV shows,US Politics,0.01824817518248175,0.1255354897806738
US Politics,TV shows,0.01824817518248175,0.1255354897806738
Anime,US Politics,0.01824817518248175,0.021335316686193834
US Politics,Anime,0.01824817518248175,0.021335316686193834
Mental health,Writing,0.01805869074492099,-0.009649733170364832
Writing,Mental health,0.01805869074492099,-0.009649733170364832
Ethics,Writing,0.017937219730941704,-0.01282367173725191
Writing,Ethics,0.017937219730941704,-0.01282367173725191
Horoscope,Travel,0.017045454545454544,0.08519596990680531
Travel,Horoscope,0.017045454545454544,0.08519596990680531
Fitness,Writing,0.01694915254237288,-0.031005287780162344
Writing,Fitness,0.01694915254237288,-0.031005287780162344
Celebs,Writing,0.016842105263157894,-0.004099386996986097
Writing,Celebs,0.016842105263157894,-0.004099386996986097
Global Politics,Nature,0.016483516483516484,0.002471597886456969
Nature,Global Politics,0.016483516483516484,0.002471597886456969
Dating,US Politics,0.01639344262295082,-0.005332464770308804
US Politics,Dating,0.01639344262295082,-0.005332464770308804
Current Events,Movies,0.016216216216216217,-0.018074733582472247
Movies,Current Events,0.016216216216216217,-0.018074733582472247
Current Events,Kpop,0.01592356687898089,-0.025607355808825588
Kpop,Current Events,0.01592356687898089,-0.025607355808825588
Personal finance tips,US Politics,0.015873015873015872,0.0147908566706934
US Politics,Personal finance tips,0.015873015873015872,0.0147908566706934
Music,Writing,0.015841584158415842,-0.026192691689277663
Writing,Music,0.015841584158415842,-0.026192691689277663
Business and Finance,US Politics,0.015822784810126583,0.01501749869530999
US Politics,Business and Finance,0.015822784810126583,0.01501749869530999
Mental health,Social justice,0.01580135440180587,0.014821519903790126
Social justice,Mental health,0.01580135440180587,0.014821519903790126
Current Events,Mental health,0.01580135440180587,0.000513123256524227
Mental health,Current Events,0.01580135440180587,0.000513123256524227
Current Events,Ethics,0.01569506726457399,-0.01029823304303807
Ethics,Current Events,0.01569506726457399,-0.01029823304303807
Ethics,Social justice,0.01569506726457399,-0.023809269024978038
Social justice,Ethics,0.01569506726457399,-0.023809269024978038
Fitness,Social justice,0.014830508474576272,-0.027610546786743885
Social justice,Fitness,0.014830508474576272,-0.027610546786743885
Celebs,Social justice,0.014736842105263158,0.009594438097548225
Social justice,Celebs,0.014736842105263158,0.009594438097548225
Celebs,Current Events,0.014736842105263158,-0.004225688976750768
Current Events,Celebs,0.014736842105263158,-0.004225688976750768
Horoscope,TV shows,0.014598540145985401,0.056000645693094396
TV shows,Horoscope,0.014598540145985401,0.056000645693094396
Life choices,Writing,0.014545454545454545,0.03548027298535794
Writing,Life choices,0.014545454545454545,0.03548027298535794
Hypothetical,Writing,0.014109347442680775,-0.0012491825647728348
Writing,Hypothetical,0.014109347442680775,-0.0012491825647728348
Music,Social justice,0.013861386138613862,0.006106103864698422
Social justice,Music,0.013861386138613862,0.006106103864698422
Current Events,Music,0.013861386138613862,-0.022866987323775876
Music,Current Events,0.013861386138613862,-0.022866987323775876
Nature,US Politics,0.013736263736263736,0.004829953721843038
US Politics,Nature,0.013736263736263736,0.004829953721843038
Global Politics,Mental health,0.013544018058690745,0.002027196927249566
Mental health,Global Politics,0.013544018058690745,0.002027196927249566
Global Politics,Movies,0.013513513513513514,-0.018732457204573474
Movies,Global Politics,0.013513513513513514,-0.018732457204573474
Ethics,Global Politics,0.013452914798206279,-0.009280587539827252
Global Politics,Ethics,0.013452914798206279,-0.009280587539827252
Personal Experiences,Writing,0.013289036544850499,-0.010855638316009063
Writing,Personal Experiences,0.013289036544850499,-0.010855638316009063
Horoscope,Kpop,0.01282051282051282,-0.004153213124409286
Kpop,Horoscope,0.01282051282051282,-0.004153213124409286
Kpop,US Politics,0.012779552715654952,-0.021400043527366765
US Politics,Kpop,0.012779552715654952,-0.021400043527366765
Global Politics,Kpop,0.012738853503184714,-0.024796093475535054
Kpop,Global Politics,0.012738853503184714,-0.024796093475535054
Current Events,Life choices,0.012727272727272728,0.01772120023463078
Life choices,Current Events,0.012727272727272728,0.01772120023463078
Life choices,Social justice,0.012727272727272728,-0.008555812363946556
Social justice,Life choices,0.012727272727272728,-0.008555812363946556
Current Events,Fitness,0.012684989429175475,-0.03642682204086032
Fitness,Current Events,0.012684989429175475,-0.03642682204086032
Celebs,Global Politics,0.01263157894736842,-0.0039034744670725504
Global Politics,Celebs,0.01263157894736842,-0.0039034744670725504
Hypothetical,Social justice,0.012345679012345678,0.01860907297223508
Social justice,Hypothetical,0.012345679012345678,0.01860907297223508
Current Events,Hypothetical,0.012345679012345678,-0.004730288430071135
Hypothetical,Current Events,0.012345679012345678,-0.004730288430071135
Global Politics,Music,0.011881188118811881,-0.02342343794332207
Music,Global Politics,0.011881188118811881,-0.02342343794332207
Personal Experiences,Social justice,0.011627906976744186,-0.03372273094895598
Social justice,Personal Experiences,0.011627906976744186,-0.03372273094895598
Current Events,Personal Experiences,0.011627906976744186,-0.045224795949962926
Personal Experiences,Current Events,0.011627906976744186,-0.045224795949962926
Mental health,US Politics,0.011286681715575621,0.0038402396478389765
US Politics,Mental health,0.011286681715575621,0.0038402396478389765
Ethics,US Politics,0.011210762331838564,-0.006329800601255382
US Politics,Ethics,0.011210762331838564,-0.006329800601255382
Global Politics,Life choices,0.01090909090909091,0.01693529733370392
Life choices,Global Politics,0.01090909090909091,0.01693529733370392
Horoscope,Movies,0.01084010840108401,0.015026226709388581
Movies,Horoscope,0.01084010840108401,0.015026226709388581
Movies,US Politics,0.010810810810810811,-0.018751826983708222
US Politics,Movies,0.010810810810810811,-0.018751826983708222
Global Politics,Hypothetical,0.010582010582010581,-0.005428878243708582
Hypothetical,Global Politics,0.010582010582010581,-0.005428878243708582
Fitness,Global Politics,0.010570824524312896,-0.03447371410637733
Global Politics,Fitness,0.010570824524312896,-0.03447371410637733
Celebs,US Politics,0.010526315789473684,-0.0043149059586999805
US Politics,Celebs,0.010526315789473684,-0.0043149059586999805
Family,Horoscope,0.010471204188481676,-0.026595370945091425
Horoscope,Family,0.010471204188481676,-0.026595370945091425
Friendship,Horoscope,0.010416666666666666,-0.0279183352255524
Horoscope,Friendship,0.010416666666666666,-0.0279183352255524
Global Politics,Personal Experiences,0.009966777408637873,-0.04320678333998678
Personal Experiences,Global Politics,0.009966777408637873,-0.04320678333998678
Music,US Politics,0.009900990099009901,-0.020804041275387975
US Politics,Music,0.009900990099009901,-0.020804041275387975
Gaming,Software updates,0.009174311926605505,0.0033468070776456744
Software updates,Gaming,0.009174311926605505,0.0033468070776456744
Fashion,Horoscope,0.009174311926605505,-0.013338629176902834
Horoscope,Fashion,0.009174311926605505,-0.013338629176902834
Life choices,US Politics,0.00909090909090909,0.016637457910639506
US Politics,Life choices,0.00909090909090909,0.016637457910639506
Horoscope,Mental health,0.009029345372460496,0.0155395614547532
Mental health,Horoscope,0.009029345372460496,0.0155395614547532
Ethics,Horoscope,0.008968609865470852,-0.014565345675191504
Horoscope,Ethics,0.008968609865470852,-0.014565345675191504
New gadgets,Software updates,0.008849557522123894,0.12914216468617842
Software updates,New gadgets,0.008849557522123894,0.12914216468617842
Art,Software updates,0.008849557522123894,0.04520613961032599
Software updates,Art,0.008849557522123894,0.04520613961032599
Hypothetical,US Politics,0.008818342151675485,-0.005249667230762133
US Politics,Hypothetical,0.008818342151675485,-0.005249667230762133
Fitness,Horoscope,0.00847457627118644,-0.012794766692079414
Horoscope,Fitness,0.00847457627118644,-0.012794766692079414
Fitness,US Politics,0.008456659619450317,-0.03055580984560743
US Politics,Fitness,0.008456659619450317,-0.03055580984560743
Celebs,Horoscope,0.008421052631578947,-0.0028298270925847927
Horoscope,Celebs,0.008421052631578947,-0.0028298270925847927
Personal Experiences,US Politics,0.008305647840531562,-0.04009602495729189
US Politics,Personal Experiences,0.008305647840531562,-0.04009602495729189
Horoscope,Nature,0.00821917808219178,-0.00098818085152534
Nature,Horoscope,0.00821917808219178,-0.00098818085152534
Dating,Horoscope,0.00816326530612245,-0.02921081740749929
Horoscope,Dating,0.00816326530612245,-0.02921081740749929
Horoscope,Music,0.007920792079207921,0.009885604928872005
Music,Horoscope,0.007920792079207921,0.009885604928872005
Horoscope,Sports,0.007662835249042145,-0.018428724938583153
Sports,Horoscope,0.007662835249042145,-0.018428724938583153
Horoscope,Life choices,0.007272727272727273,-0.0015536895945865927
Life choices,Horoscope,0.007272727272727273,-0.0015536895945865927
Anime,Horoscope,0.007246376811594203,-0.032710423362413255
Horoscope,Anime,0.007246376811594203,-0.032710423362413255
Horoscope,Hypothetical,0.007054673721340388,0.016471533052229835
Hypothetical,Horoscope,0.007054673721340388,0.016471533052229835
Horoscope,Personal Experiences,0.006644518272425249,-0.017320705773485552
Personal Experiences,Horoscope,0.006644518272425249,-0.017320705773485552
Horoscope,Personal finance tips,0.006309148264984227,-0.021665254472480928
Personal finance tips,Horoscope,0.006309148264984227,-0.021665254472480928
Business and Finance,Horoscope,0.006289308176100629,-0.02141136775130421
Horoscope,Business and Finance,0.006289308176100629,-0.02141136775130421
Software updates,Travel,0.005714285714285714,0.09675538085745006
Travel,Software updates,0.005714285714285714,0.09675538085745006
Family,Software updates,0.005291005291005291,0.010050566208788669
Software updates,Family,0.005291005291005291,0.010050566208788669
Friendship,Software updates,0.005263157894736842,0.002832229149942568
Software updates,Friendship,0.005263157894736842,0.002832229149942568
Food and dining experiences,Software updates,0.0049261083743842365,0.042457436073354664
Software updates,Food and dining experiences,0.0049261083743842365,0.042457436073354664
Fashion,Software updates,0.004629629629629629,0.08945263638978167
Software updates,Fashion,0.004629629629629629,0.08945263638978167
Dating,Software updates,0.00411522633744856,0.022461036646664084
Software updates,Dating,0.00411522633744856,0.022461036646664084
Software updates,Sports,0.003861003861003861,0.06592382705277967
Sports,Software updates,0.003861003861003861,0.06592382705277967
Software updates,TV shows,0.0036496350364963502,0.056519623412872526
TV shows,Software updates,0.0036496350364963502,0.056519623412872526
Anime,Software updates,0.0036496350364963502,0.020720324293262052
Software updates,Anime,0.0036496350364963502,0.020720324293262052
Kpop,Software updates,0.003205128205128205,-0.011144978693782812
Software updates,Kpop,0.003205128205128205,-0.011144978693782812
Personal finance tips,Software updates,0.0031746031746031746,0.006879241046620608
Software updates,Personal finance tips,0.0031746031746031746,0.006879241046620608
Business and Finance,Software updates,0.0031645569620253164,0.010582450889436828
Software updates,Business and Finance,0.0031645569620253164,0.010582450889436828
Nature,Software updates,0.0027472527472527475,-0.0022516416864529244
Software updates,Nature,0.0027472527472527475,-0.0022516416864529244
Movies,Software updates,0.0027100271002710027,-0.005635712405841555
Software updates,Movies,0.0027100271002710027,-0.005635712405841555
Mental health,Software updates,0.002257336343115124,-0.006740791909887759
Software updates,Mental health,0.002257336343115124,-0.006740791909887759
Ethics,Software updates,0.002242152466367713,-0.011939463370985767
Software updates,Ethics,0.002242152466367713,-0.011939463370985767
Fitness,Software updates,0.00211864406779661,-0.020118417101647412
Software updates,Fitness,0.00211864406779661,-0.020118417101647412
Celebs,Software updates,0.002105263157894737,0.004323475548980746
Software updates,Celebs,0.002105263157894737,0.004323475548980746
Music,Software updates,0.0019801980198019802,-0.010342101735067433
Software updates,Music,0.0019801980198019802,-0.010342101735067433
Life choices,Software updates,0.0018181818181818182,0.005071140816083086
Software updates,Life choices,0.0018181818181818182,0.005071140816083086
Hypothetical,Software updates,0.001763668430335097,-0.0020808092632444214
Software updates,Hypothetical,0.001763668430335097,-0.0020808092632444214
Personal Experiences,Software updates,0.0016611295681063123,-0.017160216058969634
Software updates,Personal Experiences,0.0016611295681063123,-0.017160216058969634
Anime,Cryptocurrency,0.0,
Anime,LGBTQ+,0.0,
Anime,News,0.0,
Anime,Painting,0.0,
Anime,Stock market updates,0.0,
Art,Cryptocurrency,0.0,
Art,LGBTQ+,0.0,
Art,News,0.0,
Art,Painting,0.0,
Art,Stock market updates,0.0,
Business and Finance,Cryptocurrency,0.0,
Business and Finance,LGBTQ+,0.0,
Business and Finance,News,0.0,
Business and Finance,Painting,0.0,
Business and Finance,Stock market updates,0.0,
Celebs,Cryptocurrency,0.0,
Celebs,LGBTQ+,0.0,
Celebs,News,0.0,
Celebs,Painting,0.0,
Celebs,Stock market updates,0.0,
Cryptocurrency,Anime,0.0,
Cryptocurrency,Art,0.0,
Cryptocurrency,Business and Finance,0.0,
Cryptocurrency,Celebs,0.0,
Cryptocurrency,Current Events,0.0,
Cryptocurrency,Dating,0.0,
Cryptocurrency,Ethics,0.0,
Cryptocurrency,Family,0.0,
Cryptocurrency,Fashion,0.0,
Cryptocurrency,Fitness,0.0,
Cryptocurrency,Food and dining experiences,0.0,
Cryptocurrency,Friendship,0.0,
Cryptocurrency,Gaming,0.0,
Cryptocurrency,Global Politics,0.0,
Cryptocurrency,Horoscope,0.0,
Cryptocurrency,Hypothetical,0.0,
Cryptocurrency,Kpop,0.0,
Cryptocurrency,LGBTQ+,0.0,
Cryptocurrency,Life choices,0.0,
Cryptocurrency,Mental health,0.0,
Cryptocurrency,Movies,0.0,
Cryptocurrency,Music,0.0,
Cryptocurrency,Nature,0.0,
Cryptocurrency,New gadgets,0.0,
Cryptocurrency,News,0.0,
Cryptocurrency,Painting,0.0,
Cryptocurrency,Personal Experiences,0.0,
Cryptocurrency,Personal finance tips,0.0,
Cryptocurrency,Social justice,0.0,
Cryptocurrency,Software updates,0.0,
Cryptocurrency,Sports,0.0,
Cryptocurrency,Stock market updates,0.0,
Cryptocurrency,TV shows,0.0,
Cryptocurrency,Travel,0.0,
Cryptocurrency,US Politics,0.0,
Cryptocurrency,Writing,0.0,
Current Events,Cryptocurrency,0.0,
Current Events,LGBTQ+,0.0,
Current Events,News,0.0,
Current Events,Painting,0.0,
Current Events,Stock market updates,0.0,
Dating,Cryptocurrency,0.0,
Dating,LGBTQ+,0.0,
Dating,News,0.0,
Dating,Painting,0.0,
Dating,Stock market updates,0.0,
Ethics,Cryptocurrency,0.0,
Ethics,LGBTQ+,0.0,
Ethics,News,0.0,
Ethics,Painting,0.0,
Ethics,Stock market updates,0.0,
Family,Cryptocurrency,0.0,
Family,LGBTQ+,0.0,
Family,News,0.0,
Family,Painting,0.0,
Family,Stock market updates,0.0,
Fashion,Cryptocurrency,0.0,
Fashion,LGBTQ+,0.0,
Fashion,News,0.0,
Fashion,Painting,0.0,
Fashion,Stock market updates,0.0,
Fitness,Cryptocurrency,0.0,
Fitness,LGBTQ+,0.0,
Fitness,News,0.0,
Fitness,Painting,0.0,
Fitness,Stock market updates,0.0,
Food and dining experiences,Cryptocurrency,0.0,
Food and dining experiences,LGBTQ+,0.0,
Food and dining experiences,News,0.0,
Food and dining experiences,Painting,0.0,
Food and dining experiences,Stock market updates,0.0,
Friendship,Cryptocurrency,0.0,
Friendship,LGBTQ+,0.0,
Friendship,News,0.0,
Friendship,Painting,0.0,
Friendship,Stock market updates,0.0,
Gaming,Cryptocurrency,0.0,
Gaming,LGBTQ+,0.0,
Gaming,News,0.0,
Gaming,Painting,0.0,
Gaming,Stock market updates,0.0,
Global Politics,Cryptocurrency,0.0,
Global Politics,LGBTQ+,0.0,
Global Politics,News,0.0,
Global Politics,Painting,0.0,
Global Politics,Stock market updates,0.0,
Horoscope,Cryptocurrency,0.0,
Horoscope,LGBTQ+,0.0,
Horoscope,News,0.0,
Horoscope,Painting,0.0,
Horoscope,Stock market updates,0.0,
Hypothetical,Cryptocurrency,0.0,
Hypothetical,LGBTQ+,0.0,
Hypothetical,News,0.0,
Hypothetical,Painting,0.0,
Hypothetical,Stock market updates,0.0,
Kpop,Cryptocurrency,0.0,
Kpop,LGBTQ+,0.0,
Kpop,News,0.0,
Kpop,Painting,0.0,
Kpop,Stock market updates,0.0,
LGBTQ+,Anime,0.0,
LGBTQ+,Art,0.0,
LGBTQ+,Business and Finance,0.0,
LGBTQ+,Celebs,0.0,
LGBTQ+,Cryptocurrency,0.0,
LGBTQ+,Current Events,0.0,
LGBTQ+,Dating,0.0,
LGBTQ+,Ethics,0.0,
LGBTQ+,Family,0.0,
LGBTQ+,Fashion,0.0,
LGBTQ+,Fitness,0.0,
LGBTQ+,Food and dining experiences,0.0,
LGBTQ+,Friendship,0.0,
LGBTQ+,Gaming,0.0,
LGBTQ+,Global Politics,0.0,
LGBTQ+,Horoscope,0.0,
LGBTQ+,Hypothetical,0.0,
LGBTQ+,Kpop,0.0,
LGBTQ+,Life choices,0.0,
LGBTQ+,Mental health,0.0,
LGBTQ+,Movies,0.0,
LGBTQ+,Music,0.0,
LGBTQ+,Nature,0.0,
LGBTQ+,New gadgets,0.0,
LGBTQ+,News,0.0,
LGBTQ+,Painting,0.0,
LGBTQ+,Personal Experiences,0.0,
LGBTQ+,Personal finance tips,0.0,
LGBTQ+,Social justice,0.0,
LGBTQ+,Software updates,0.0,
LGBTQ+,Sports,0.0,
LGBTQ+,Stock market updates,0.0,
LGBTQ+,TV shows,0.0,
LGBTQ+,Travel,0.0,
LGBTQ+,US Politics,0.0,
LGBTQ+,Writing,0.0,
Life choices,Cryptocurrency,0.0,
Life choices,LGBTQ+,0.0,
Life choices,News,0.0,
Life choices,Painting,0.0,
Life choices,Stock market updates,0.0,
Mental health,Cryptocurrency,0.0,
Mental health,LGBTQ+,0.0,
Mental health,News,0.0,
Mental health,Painting,0.0,
Mental health,Stock market updates,0.0,
Movies,Cryptocurrency,0.0,
Movies,LGBTQ+,0.0,
Movies,News,0.0,
Movies,Painting,0.0,
Movies,Stock market updates,0.0,
Music,Cryptocurrency,0.0,
Music,LGBTQ+,0.0,
Music,News,0.0,
Music,Painting,0.0,
Music,Stock market updates,0.0,
Nature,Cryptocurrency,0.0,
Nature,LGBTQ+,0.0,
Nature,News,0.0,
Nature,Painting,0.0,
Nature,Stock market updates,0.0,
New gadgets,Cryptocurrency,0.0,
New gadgets,LGBTQ+,0.0,
New gadgets,News,0.0,
New gadgets,Painting,0.0,
New gadgets,Stock market updates,0.0,
News,Anime,0.0,
News,Art,0.0,
News,Business and Finance,0.0,
News,Celebs,0.0,
News,Cryptocurrency,0.0,
News,Current Events,0.0,
News,Dating,0.0,
News,Ethics,0.0,
News,Family,0.0,
News,Fashion,0.0,
News,Fitness,0.0,
News,Food and dining experiences,0.0,
News,Friendship,0.0,
News,Gaming,0.0,
News,Global Politics,0.0,
News,Horoscope,0.0,
News,Hypothetical,0.0,
News,Kpop,0.0,
News,LGBTQ+,0.0,
News,Life choices,0.0,
News,Mental health,0.0,
News,Movies,0.0,
News,Music,0.0,
News,Nature,0.0,
News,New gadgets,0.0,
News,Painting,0.0,
News,Personal Experiences,0.0,
News,Personal finance tips,0.0,
News,Social justice,0.0,
News,Software updates,0.0,
News,Sports,0.0,
News,Stock market updates,0.0,
News,TV shows,0.0,
News,Travel,0.0,
News,US Politics,0.0,
News,Writing,0.0,
Painting,Anime,0.0,
Painting,Art,0.0,
Painting,Business and Finance,0.0,
Painting,Celebs,0.0,
Painting,Cryptocurrency,0.0,
Painting,Current Events,0.0,
Painting,Dating,0.0,
Painting,Ethics,0.0,
Painting,Family,0.0,
Painting,Fashion,0.0,
Painting,Fitness,0.0,
Painting,Food and dining experiences,0.0,
Painting,Friendship,0.0,
Painting,Gaming,0.0,
Painting,Global Politics,0.0,
Painting,Horoscope,0.0,
Painting,Hypothetical,0.0,
Painting,Kpop,0.0,
Painting,LGBTQ+,0.0,
Painting,Life choices,0.0,
Painting,Mental health,0.0,
Painting,Movies,0.0,
Painting,Music,0.0,
Painting,Nature,0.0,
Painting,New gadgets,0.0,
Painting,News,0.0,
Painting,Personal Experiences,0.0,
Painting,Personal finance tips,0.0,
Painting,Social justice,0.0,
Painting,Software updates,0.0,
Painting,Sports,0.0,
Painting,Stock market updates,0.0,
Painting,TV shows,0.0,
Painting,Travel,0.0,
Painting,US Politics,0.0,
Painting,Writing,0.0,
Personal Experiences,Cryptocurrency,0.0,
Personal Experiences,LGBTQ+,0.0,
Personal Experiences,News,0.0,
Personal Experiences,Painting,0.0,
Personal Experiences,Stock market updates,0.0,
Personal finance tips,Cryptocurrency,0.0,
Personal finance tips,LGBTQ+,0.0,
Personal finance tips,News,0.0,
Personal finance tips,Painting,0.0,
Personal finance tips,Stock market updates,0.0,
Social justice,Cryptocurrency,0.0,
Social justice,LGBTQ+,0.0,
Social justice,News,0.0,
Social justice,Painting,0.0,
Social justice,Stock market updates,0.0,
Software updates,Cryptocurrency,0.0,
Software updates,LGBTQ+,0.0,
Software updates,News,0.0,
Software updates,Painting,0.0,
Software updates,Stock market updates,0.0,
Sports,Cryptocurrency,0.0,
Sports,LGBTQ+,0.0,
Sports,News,0.0,
Sports,Painting,0.0,
Sports,Stock market updates,0.0,
Stock market updates,Anime,0.0,
Stock market updates,Art,0.0,
Stock market updates,Business and Finance,0.0,
Stock market updates,Celebs,0.0,
Stock market updates,Cryptocurrency,0.0,
Stock market updates,Current Events,0.0,
Stock market updates,Dating,0.0,
Stock market updates,Ethics,0.0,
Stock market updates,Family,0.0,
Stock market updates,Fashion,0.0,
Stock market updates,Fitness,0.0,
Stock market updates,Food and dining experiences,0.0,
Stock market updates,Friendship,0.0,
Stock market updates,Gaming,0.0,
Stock market updates,Global Politics,0.0,
Stock market updates,Horoscope,0.0,
Stock market updates,Hypothetical,0.0,
Stock market updates,Kpop,0.0,
Stock market updates,LGBTQ+,0.0,
Stock market updates,Life choices,0.0,
Stock market updates,Mental health,0.0,
Stock market updates,Movies,0.0,
Stock market updates,Music,0.0,
Stock market updates,Nature,0.0,
Stock market updates,New gadgets,0.0,
Stock market updates,News,0.0,
Stock market updates,Painting,0.0,
Stock market updates,Personal Experiences,0.0,
Stock market updates,Personal finance tips,0.0,
Stock market updates,Social justice,0.0,
Stock market updates,Software updates,0.0,
Stock market updates,Sports,0.0,
Stock market updates,TV shows,0.0,
Stock market updates,Travel,0.0,
Stock market updates,US Politics,0.0,
Stock market updates,Writing,0.0,
TV shows,Cryptocurrency,0.0,
TV shows,LGBTQ+,0.0,
TV shows,News,0.0,
TV shows,Painting,0.0,
TV shows,Stock market updates,0.0,
Travel,Cryptocurrency,0.0,
Travel,LGBTQ+,0.0,
Travel,News,0.0,
Travel,Painting,0.0,
Travel,Stock market updates,0.0,
US Politics,Cryptocurrency,0.0,
US Politics,LGBTQ+,0.0,
US Politics,News,0.0,
US Politics,Painting,0.0,
US Politics,Stock market updates,0.0,
Writing,Cryptocurrency,0.0,
Writing,LGBTQ+,0.0,
Writing,News,0.0,
Writing,Painting,0.0,
Writing,Stock market updates,0.0,
