persona_id,first_interaction,last_interaction,num_active_days,Engagement_Score
0065610346c9-652fe6f1,2024-06-18,2024-06-18,1,0.2
00c869cdd829-b39765e6,2024-06-13,2024-06-13,1,24.6
0134a567360a-cffe61c9,2024-06-01,2024-06-01,1,3.4000000000000004
01a606d27c82-38465b0c,2024-06-19,2024-06-19,1,8.8
01b2b2c85b55-80892e3c,2024-06-19,2024-06-19,1,14.000000000000002
0264308ac62f-92211a1d,2024-06-21,2024-06-21,1,0.6000000000000001
02d7ef552513-b24667d8,2024-06-13,2024-06-13,1,24.200000000000003
02fe6104fb7c-23b7e6e8,2024-06-10,2024-06-10,1,8.600000000000001
0398b19b9714-39041e4f,2024-06-01,2024-06-01,1,0.2
03f3eacd5368-c767cc86,2024-06-10,2024-06-10,1,4.0
040e8b3057ca-02fee5f3,2024-06-04,2024-06-04,1,22.200000000000003
0550c62c4b08-7b58278b,2024-06-14,2024-06-14,1,1.4
055fd578e9f5-7d07f5fd,2024-06-15,2024-06-15,1,5.6
05be3f23268d-222ec194,2024-06-15,2024-06-15,1,0.6000000000000001
05e0ee3fe8fa-dc501530,2024-06-21,2024-06-21,1,28.200000000000003
0631c8e52a90-41a8753f,2024-06-07,2024-06-07,1,22.200000000000003
065fc665b503-68bdf462,2024-06-07,2024-06-07,1,0.2
06892b21ee2e-c2bd4cbd,2024-06-14,2024-06-14,1,5.0
074f2efb3161-b1f58938,2024-06-08,2024-06-08,1,23.400000000000002
0795e71008e2-fb1800e3,2024-06-17,2024-06-17,1,1.0
07ae9a28276b-e65f7f6c,2024-06-03,2024-06-03,1,20.200000000000003
07c388f56c93-55f7b000,2024-06-06,2024-06-06,1,0.6000000000000001
09300b9d90cb-ae956201,2024-06-16,2024-06-16,1,11.200000000000001
09689af49b79-da1e2461,2024-06-10,2024-06-10,1,3.8000000000000007
0aa9a2e1e93c-c46bb8a9,2024-06-10,2024-06-10,1,2.0
0ad3221c3f24-c6e019b0,2024-06-16,2024-06-16,1,0.2
0aed12756836-ce307148,2024-06-09,2024-06-09,1,0.2
0b09e7dfeb02-feb4b3c2,2024-06-10,2024-06-10,1,0.6000000000000001
0b0fccf7254d-20cbeb6f,2024-06-21,2024-06-21,1,28.200000000000003
0b85adfa5fb6-82422ea6,2024-06-11,2024-06-11,1,17.0
0b8d56663e05-d7e7e631,2024-06-07,2024-06-07,1,0.2
0c41416fbe1c-d609157c,2024-06-11,2024-06-11,1,23.800000000000004
0c7216d6ef34-f1cb0df1,2024-06-17,2024-06-17,1,1.6
0d9ab62326ce-1f0c0251,2024-06-07,2024-06-07,1,1.2000000000000002
0dfcf19c4113-41caac5a,2024-06-16,2024-06-16,1,21.0
0e20e2de0893-a40ddb7d,2024-06-04,2024-06-04,1,0.4
1072c6aa2d72-b3542448,2024-06-07,2024-06-07,1,0.2
107adc3102d5-d38ecfea,2024-06-20,2024-06-20,1,4.6000000000000005
10b598ab419a-8b914d45,2024-06-15,2024-06-15,1,11.200000000000001
10fa2ad2633d-e4bef201,2024-06-21,2024-06-21,1,10.600000000000001
11f59a5e610b-6b2cf94d,2024-06-12,2024-06-12,1,5.2
124793ea60d8-298dc929,2024-06-01,2024-06-01,1,0.6000000000000001
1269397a79b0-06afe359,2024-06-09,2024-06-09,1,23.400000000000002
12b67894bee0-717b4a46,2024-06-19,2024-06-19,1,3.0
12fb670db142-e9eab7e7,2024-06-09,2024-06-09,1,22.200000000000003
1306452e7a19-0339faae,2024-06-19,2024-06-19,1,0.2
13764d50c286-c6202da7,2024-06-03,2024-06-03,1,10.8
13884ae309c1-ab857849,2024-06-15,2024-06-15,1,18.8
13c5f828c09d-acf9b9ae,2024-06-05,2024-06-05,1,3.2
13df4657fe07-ae27cdfc,2024-06-19,2024-06-19,1,27.800000000000004
142a27b558a1-45935ab9,2024-06-06,2024-06-06,1,1.2000000000000002
1477faed44db-0d1e9d41,2024-06-06,2024-06-06,1,1.4000000000000001
148ab19456c9-7c25c17c,2024-06-12,2024-06-12,1,0.4
14ac5da3d2d0-2791c233,2024-06-13,2024-06-13,1,2.4000000000000004
14b3c5143d34-7eb9024f,2024-06-03,2024-06-03,1,22.700000000000003
14e8218ddc43-f9328d62,2024-06-19,2024-06-19,1,1.6
152f8f9f8c96-d360cb01,2024-06-19,2024-06-19,1,2.6
15b7edf265ad-39e3417a,2024-06-19,2024-06-19,1,0.2
15ca65c40b57-14c525a0,2024-06-04,2024-06-04,1,1.0
15f12c0bd0e2-85b12317,2024-06-20,2024-06-20,1,0.2
15fd31056a2e-083839b6,2024-06-10,2024-06-10,1,23.400000000000002
16795ff3e2a3-cbd6b747,2024-06-09,2024-06-09,1,7.800000000000001
16c763d48a53-34149a33,2024-06-13,2024-06-13,1,4.800000000000001
1737ea6300a0-03c251d1,2024-06-20,2024-06-20,1,27.800000000000004
176c4f0cea50-2e46de1a,2024-06-19,2024-06-19,1,0.4
177ec4b2d887-2f59fd49,2024-06-08,2024-06-08,1,23.400000000000002
17bb798da5f5-32d38582,2024-06-14,2024-06-14,1,5.2
17bbf6e4f4ef-9ecb7cd8,2024-06-02,2024-06-02,1,0.6000000000000001
17c794d4347f-0f5f0e70,2024-06-10,2024-06-10,1,14.600000000000001
17f16f62dee2-dcec959b,2024-06-04,2024-06-04,1,0.4
180139ea52d2-fa10d67a,2024-06-05,2024-06-05,1,0.4
180a22c5e255-89fbd722,2024-06-17,2024-06-17,1,6.800000000000001
184e4704911e-f930a883,2024-06-02,2024-06-02,1,1.8
193641558938-72dc663c,2024-06-12,2024-06-12,1,1.2000000000000002
198b0018a2c5-5034cc15,2024-06-21,2024-06-21,1,13.2
19b7f8e3d745-fa4ed60e,2024-06-16,2024-06-16,1,17.400000000000002
1a121e0de134-a988a5dc,2024-06-08,2024-06-08,1,18.2
1a124dc188d5-bf477d04,2024-06-11,2024-06-11,1,1.0
1a7654a74dbc-0ef53b7a,2024-06-21,2024-06-21,1,3.0
1a86b15d37b6-4ce88149,2024-06-13,2024-06-13,1,3.0
1a8970613a8b-43e01434,2024-06-06,2024-06-06,1,0.6000000000000001
1acbf9e46133-817ae893,2024-06-04,2024-06-04,1,3.2
1b1869837d5e-8bb92ade,2024-06-18,2024-06-18,1,28.700000000000003
1be2c18e60a7-329360ee,2024-06-04,2024-06-04,1,2.4000000000000004
1c03bd39932a-325e0f99,2024-06-13,2024-06-13,1,0.6000000000000001
1c6ca8d83f63-e2170868,2024-06-11,2024-06-11,1,5.0
1cf063910533-676019ae,2024-06-08,2024-06-08,1,4.800000000000001
1d8c324045eb-860f18c8,2024-06-10,2024-06-10,1,2.0
1da039748f12-42934e7d,2024-06-08,2024-06-08,1,0.8
1db6ca29c308-6cdd3d41,2024-06-20,2024-06-20,1,0.8
1de8a3f516b4-e86fda05,2024-06-15,2024-06-15,1,8.600000000000001
1eb2e0aaa8f4-aab69da6,2024-06-20,2024-06-20,1,27.4
1f2b8ce6c871-f98a096e,2024-06-10,2024-06-10,1,4.4
1f596dd601ba-b2efd0f9,2024-06-13,2024-06-13,1,0.4
1f8cbde88599-13e3c851,2024-06-02,2024-06-02,1,9.0
1fa5b92690ee-f160b287,2024-06-17,2024-06-17,1,2.6
1fdcf77d38dd-3137e913,2024-06-15,2024-06-15,1,0.4
200b7b14133d-ccf22dfa,2024-06-13,2024-06-13,1,5.0
202f571e30af-e6a5509a,2024-06-03,2024-06-03,1,7.800000000000001
2033ba8f9d06-b05e9186,2024-06-12,2024-06-12,1,16.8
205dd5d7dc52-e9766c67,2024-06-11,2024-06-11,1,2.0
2076d39a644e-2ca3877e,2024-06-06,2024-06-06,1,7.2
20f0bf51c32f-b4867af8,2024-06-05,2024-06-05,1,0.2
210789f70d3c-df32f122,2024-06-01,2024-06-01,1,5.6000000000000005
220e5794e36e-3d616f1b,2024-06-16,2024-06-16,1,24.6
224b7cdc36c8-60921525,2024-06-03,2024-06-03,1,0.2
246b985bbddb-64f33c23,2024-06-19,2024-06-19,1,2.6
25349efddd24-5b92bcf0,2024-06-13,2024-06-13,1,3.0
25ad151f8e2c-6759aafa,2024-06-19,2024-06-19,1,0.2
26034a2634ae-817c85f2,2024-06-15,2024-06-15,1,3.2
2735d25edfbf-4a953466,2024-06-09,2024-06-09,1,3.8000000000000007
2794e1e1491b-21332c93,2024-06-08,2024-06-08,1,0.2
28443d812b2c-c5fc7faf,2024-06-15,2024-06-15,1,0.2
284f7807ac06-5e88ac68,2024-06-08,2024-06-08,1,11.8
286d3fe6a5c3-540d8cb5,2024-06-10,2024-06-10,1,2.6
2887a72c7255-27ab93cc,2024-06-11,2024-06-11,1,0.2
292bf13fa93a-ab3147f7,2024-06-06,2024-06-06,1,16.2
295e6bf9464e-6d776295,2024-06-02,2024-06-02,1,2.2
299bbe58ad3a-def23ab3,2024-06-11,2024-06-11,1,3.2
2aa22b5c2feb-a79cd374,2024-06-04,2024-06-04,1,22.200000000000003
2ac16d7bd89f-27e9ee6f,2024-06-03,2024-06-03,1,0.6000000000000001
2ac30e828c2b-3af869c9,2024-06-02,2024-06-02,1,1.2000000000000002
2af253d66304-87fd2c3c,2024-06-06,2024-06-06,1,0.8
2b1336178d04-c94e3be9,2024-06-16,2024-06-16,1,3.0
2b87262234fe-f1f641ff,2024-06-03,2024-06-03,1,21.8
2c3ff6010c4c-68b67881,2024-06-10,2024-06-10,1,8.2
2c866b5e7d3e-6e39ddb2,2024-06-05,2024-06-05,1,3.4000000000000004
2d023d2a3082-456a9239,2024-06-08,2024-06-08,1,12.4
2d1ffd753390-7a8fc23e,2024-06-21,2024-06-21,1,1.0
2d318414aa05-f4fbb9cf,2024-06-19,2024-06-19,1,2.8000000000000003
2dea1c748b12-b7d7baf7,2024-06-18,2024-06-18,1,2.0
2e7898f7f5ec-b5279e84,2024-06-02,2024-06-02,1,0.2
2e9482be5c5c-f926eda0,2024-06-19,2024-06-19,1,13.4
2ef7a060c7a8-4d4475ae,2024-06-01,2024-06-01,1,0.4
2efbfa326bfc-0742b56a,2024-06-11,2024-06-11,1,23.800000000000004
2f24eacf1c7e-33f1429d,2024-06-14,2024-06-14,1,15.200000000000001
3063642bc3f0-41f0eae5,2024-06-12,2024-06-12,1,0.4
3163e1d2b468-157f018d,2024-06-01,2024-06-01,1,13.400000000000002
3190250e4a4b-f3c7ce7e,2024-06-21,2024-06-21,1,1.4000000000000001
321b661926a2-ade866ae,2024-06-11,2024-06-11,1,24.6
327482d5792d-eb8e00d7,2024-06-02,2024-06-02,1,19.8
32b3f0b01e5a-825f5e38,2024-06-04,2024-06-04,1,0.4
32bf8e3ff6fa-f3f3839e,2024-06-10,2024-06-10,1,3.8000000000000007
32ec365a0f28-de2a346f,2024-06-09,2024-06-09,1,14.600000000000001
331d78eb3d82-050caeae,2024-06-08,2024-06-08,1,8.4
3321a6ba0068-85faa7e6,2024-06-17,2024-06-17,1,0.2
3467b853bc11-c7b06066,2024-06-03,2024-06-03,1,0.6000000000000001
346e4a25dac4-5c5220e8,2024-06-15,2024-06-15,1,5.0
3495897fe903-d9241d33,2024-06-03,2024-06-19,4,8.600000000000001
3516670e9814-d2afc8aa,2024-06-05,2024-06-05,1,5.2
3533a1aa6f05-176be127,2024-06-02,2024-06-02,1,0.2
361bb79ef68e-5131a1f5,2024-06-06,2024-06-06,1,2.8000000000000003
366d293a43c8-8860cf3c,2024-06-03,2024-06-03,1,0.6000000000000001
3695da6165f2-48df32cc,2024-06-18,2024-06-18,1,0.2
36abe91deb82-2cf3c6bb,2024-06-10,2024-06-10,1,23.400000000000002
372999a6d733-46cb1017,2024-06-06,2024-06-06,1,22.200000000000003
372e8db986e4-71ea4d5c,2024-06-13,2024-06-13,1,0.2
373fd86ba842-e4e5d113,2024-06-12,2024-06-12,1,2.8000000000000003
374c70112db7-9eafaeed,2024-06-16,2024-06-16,1,0.8
375c41e22260-ee78cc0c,2024-06-14,2024-06-14,1,24.400000000000002
37637b7b4bf1-4300ca2d,2024-06-12,2024-06-12,1,5.0
376949ab92c1-bd1fbfe8,2024-06-20,2024-06-20,1,1.6
376bcc41581d-deac8199,2024-06-03,2024-06-03,1,0.4
37f12abca0c0-41e50124,2024-06-19,2024-06-21,3,209.0
37f9b01d4924-c9be7c1a,2024-06-05,2024-06-05,1,3.0
3930992039bb-69bffe1f,2024-06-10,2024-06-10,1,8.8
393bd0fa07be-10da391e,2024-06-14,2024-06-14,1,8.8
398b0ea459f0-f7505ffc,2024-06-01,2024-06-11,7,21.799999999999997
3a26e0ed9bfd-548cb788,2024-06-13,2024-06-13,1,2.0
3b3d9cb3edf5-2086f69c,2024-06-16,2024-06-16,1,0.2
3b3fb668ca1d-e1c5bc87,2024-06-12,2024-06-12,1,12.2
3b78ae89af41-57ca3033,2024-06-01,2024-06-01,1,19.4
3bb2762d968b-51b925c2,2024-06-03,2024-06-03,1,0.2
3c58af35ffa3-36985c9e,2024-06-02,2024-06-02,1,1.8
3cf926c8a11d-371e73c8,2024-06-11,2024-06-11,1,5.0
3d411ae0bcb5-c6bb9ceb,2024-06-16,2024-06-16,1,3.2
3d677fbc227a-2772fd49,2024-06-15,2024-06-15,1,0.4
3d7e13ef4423-75ef14c1,2024-06-20,2024-06-20,1,14.600000000000001
3db69364669a-9c1197ff,2024-06-06,2024-06-06,1,0.2
3db6e2d647d4-932a0a2b,2024-06-03,2024-06-03,1,19.8
3ef282f726b5-06b6c021,2024-06-12,2024-06-12,1,1.8
4057b64fe3b1-a1c4951e,2024-06-16,2024-06-16,1,16.0
408dcdb8b593-3c27fd9e,2024-06-18,2024-06-18,1,0.2
410d0abb6cfc-1ede3bc7,2024-06-13,2024-06-13,1,3.2
41b39c808c6e-21d2ebc5,2024-06-02,2024-06-02,1,6.2
421ee5ce64f5-99fef5d3,2024-06-12,2024-06-12,1,1.2000000000000002
424a00da354c-fef04c0e,2024-06-07,2024-06-13,2,9.0
42c22bbb0a35-0da74082,2024-06-21,2024-06-21,1,0.2
430e0d94da90-13a497f9,2024-06-18,2024-06-18,1,5.6000000000000005
43b0ff4a8ebd-dad0895e,2024-06-06,2024-06-06,1,0.8
43b352b3a70c-ab51d528,2024-06-07,2024-06-07,1,5.800000000000001
43b867261424-b9ba3066,2024-06-14,2024-06-14,1,0.2
446f134bfb8e-7a0a0c54,2024-06-11,2024-06-11,1,18.8
4541a8c6ebb9-32ef26e9,2024-06-16,2024-06-16,1,22.200000000000003
45636e387707-de90bc18,2024-06-14,2024-06-14,1,1.0
4612a9f6bcf1-c61ce673,2024-06-09,2024-06-09,1,10.200000000000001
472f6b8a38eb-9c8ca3d0,2024-06-16,2024-06-16,1,5.2
4734ac32b22d-6eeac413,2024-06-02,2024-06-02,1,19.8
474d7c0715aa-c7c02a70,2024-06-20,2024-06-20,1,26.6
4759527e791c-d0500694,2024-06-04,2024-06-04,1,2.0
47b20ccc1495-4c4a6d44,2024-06-01,2024-06-01,1,2.2
47cf10bd5f67-1121c3f9,2024-06-02,2024-06-02,1,4.0
47f278408c30-af32e87d,2024-06-02,2024-06-02,1,18.200000000000003
47f32e226250-1a1624cf,2024-06-06,2024-06-06,1,11.4
48b055311b4b-17f75f85,2024-06-09,2024-06-09,1,18.8
4910a98750b5-33672dce,2024-06-03,2024-06-03,1,22.200000000000003
491e50e54235-0d3cb8fc,2024-06-05,2024-06-05,1,12.400000000000002
499ccbe2d860-be79f05f,2024-06-16,2024-06-18,2,23.200000000000003
4a1d6e4b58f7-02d63762,2024-06-02,2024-06-02,1,0.2
4a6bef89424d-bfc8c3c4,2024-06-17,2024-06-17,1,7.4
4ae42e059a06-3ddaf58f,2024-06-19,2024-06-19,1,8.0
4af7f3cdd2ae-46daebd0,2024-06-16,2024-06-16,1,1.8000000000000003
4b0549d5a926-90cfabed,2024-06-07,2024-06-07,1,4.0
4bf7a96aacbf-7269a0e8,2024-06-07,2024-06-07,1,1.4000000000000001
4ca467628dc2-677518c5,2024-06-11,2024-06-11,1,2.6
4d072b51689c-0d0a7131,2024-06-02,2024-06-21,5,23.499999999999996
4d1948075293-b504a422,2024-06-02,2024-06-02,1,0.2
4d502dab093f-e18b392a,2024-06-07,2024-06-07,1,3.2
4d902716edfa-e5cad6ad,2024-06-15,2024-06-15,1,12.400000000000002
4dba25ebc405-6acc9630,2024-06-17,2024-06-17,1,1.2000000000000002
4e17bce3bcb9-0d3c1b31,2024-06-13,2024-06-13,1,2.6
4e8090aace9c-0c841c95,2024-06-12,2024-06-12,1,4.6000000000000005
4f47a78b9d13-b072d239,2024-06-02,2024-06-02,1,0.2
50df7791c3e7-afcfab21,2024-06-06,2024-06-06,1,11.8
50fbc8bc981c-7ab4dc63,2024-06-07,2024-06-07,1,5.6000000000000005
515c6d2e70c9-49c182c2,2024-06-07,2024-06-07,1,21.400000000000002
51b97dd18f31-687eb133,2024-06-05,2024-06-05,1,0.6000000000000001
52556143c05f-6b493fcf,2024-06-12,2024-06-12,1,1.2000000000000002
52947067b711-b099e67d,2024-06-20,2024-06-20,1,3.2
5341f4eb64d4-bb709bbc,2024-06-10,2024-06-10,1,0.6000000000000001
537b9123b014-bf8d9c41,2024-06-19,2024-06-19,1,4.4
53c55dd01a1c-2e22e853,2024-06-02,2024-06-02,1,9.0
53ef0ee1ac7a-d5a9476f,2024-06-04,2024-06-04,1,2.6000000000000005
540759a7ee56-f538f0eb,2024-06-15,2024-06-15,1,5.6000000000000005
541620c4b930-54e530a2,2024-06-19,2024-06-19,1,24.200000000000003
5419976f51df-6f5ae0ad,2024-06-17,2024-06-17,1,13.4
5440bcbc1d94-6f4cb8c9,2024-06-21,2024-06-21,1,2.2
546bfc9c32a0-a3c78d79,2024-06-14,2024-06-14,1,11.2
5492002057fe-4df96c2a,2024-06-10,2024-06-10,1,0.2
549ad7898e69-83cc6c17,2024-06-14,2024-06-14,1,0.6000000000000001
54be81332b3d-4c5a6237,2024-06-03,2024-06-03,1,20.400000000000002
54daa138fc80-7fcb879b,2024-06-01,2024-06-01,1,19.8
55b883c81fe1-ee6bc223,2024-06-13,2024-06-13,1,19.800000000000004
55b8f6079f9b-3399dd75,2024-06-19,2024-06-21,3,16.8
560cab572066-533836f5,2024-06-12,2024-06-12,1,5.0
5642bec7828e-a8fa3d34,2024-06-09,2024-06-09,1,11.600000000000001
57fb560ef368-96c67349,2024-06-10,2024-06-10,1,13.600000000000001
5856d8a32c54-c94c644f,2024-06-11,2024-06-11,1,24.6
58ad14794180-02358e97,2024-06-12,2024-06-12,1,4.4
58fab7e498ad-81f6ba49,2024-06-14,2024-06-14,1,8.600000000000001
5936d8f8402e-5a7a6ab5,2024-06-01,2024-06-01,1,0.2
5a499611dc54-3579d65a,2024-06-08,2024-06-08,1,3.4000000000000004
5a79648acc25-36ca83aa,2024-06-04,2024-06-04,1,22.200000000000003
5b11dc1f82aa-8d962757,2024-06-15,2024-06-15,1,6.0
5b51224dd049-78a1f54a,2024-06-17,2024-06-17,1,0.2
5bd82cbfe96f-18d3f182,2024-06-08,2024-06-08,1,3.2
5bfb356e88a5-1c50c6f4,2024-06-21,2024-06-21,1,0.2
5c01f91747db-679d9096,2024-06-19,2024-06-19,1,5.4
5c6f1878a743-0a930dbd,2024-06-01,2024-06-01,1,5.2
5c736cbf138f-02d85470,2024-06-13,2024-06-13,1,7.4
5cb8d23c329c-5263863b,2024-06-10,2024-06-10,1,0.4
5da7c4823ee9-b4d8625d,2024-06-11,2024-06-11,1,5.800000000000001
5df7535466da-e9b1ac42,2024-06-01,2024-06-01,1,19.8
5f612e235eaf-0b7c5f8e,2024-06-05,2024-06-05,1,0.6000000000000001
5fd011e64434-0a3f7d20,2024-06-07,2024-06-07,1,16.6
60282edde447-75aa2826,2024-06-16,2024-06-16,1,0.2
603aa26e57ff-0001551c,2024-06-05,2024-06-05,1,22.200000000000003
60c94738b3ac-c197b170,2024-06-15,2024-06-15,1,0.2
614f14e44be0-f91018c5,2024-06-14,2024-06-14,1,0.2
62aa45a73324-55ae275c,2024-06-21,2024-06-21,1,8.8
62fc34daec19-5022083f,2024-06-11,2024-06-11,1,2.2
6340279223d0-201c8b30,2024-06-02,2024-06-02,1,4.4
63bdf51f51a4-4910ab8b,2024-06-12,2024-06-12,1,0.4
63c2132ad321-a23947c7,2024-06-05,2024-06-05,1,1.4000000000000001
63f195b77dec-cc629091,2024-06-02,2024-06-02,1,19.8
6470f3c50331-329d864a,2024-06-18,2024-06-18,1,21.2
6490acd8e4f2-b6564d55,2024-06-03,2024-06-03,1,4.800000000000001
64c9e31c5622-5a352d70,2024-06-02,2024-06-02,1,4.6
652bb2faa06e-7adda19c,2024-06-12,2024-06-12,1,2.0
658fe73b0325-73a89a73,2024-06-17,2024-06-17,1,1.6
66064e8bf66a-b9e1caf8,2024-06-07,2024-06-07,1,0.2
66d074739b2d-e83fef98,2024-06-17,2024-06-17,1,1.0
66e56f940f50-f6a56d56,2024-06-01,2024-06-01,1,0.6000000000000001
6719467dc8f1-206fde3d,2024-06-11,2024-06-11,1,24.6
680582245067-5b6059e2,2024-06-21,2024-06-21,1,0.4
6816582f9fc0-cc2f77a2,2024-06-05,2024-06-05,1,2.6
68785fcf90ae-8291feca,2024-06-06,2024-06-06,1,0.4
68eb10b5cf45-d279b2d5,2024-06-04,2024-06-04,1,8.8
6964fc9ba960-5bc711dd,2024-06-01,2024-06-01,1,6.800000000000001
696c5cb76cfb-299dca14,2024-06-05,2024-06-05,1,2.5
6978b643dafe-fce2627a,2024-06-13,2024-06-13,1,11.4
69cee038074e-6372cfe7,2024-06-12,2024-06-12,1,24.200000000000003
6a07d47901a8-71c65e0d,2024-06-17,2024-06-17,1,0.2
6a8720a853c7-0f1332a0,2024-06-04,2024-06-04,1,1.4000000000000001
6b47114a67bf-36592f23,2024-06-04,2024-06-04,1,2.6
6b79b69faeba-e7f7fbff,2024-06-08,2024-06-08,1,20.0
6c4195907eb0-4b018cec,2024-06-04,2024-06-04,1,22.200000000000003
6c7bb87048eb-b6d2bfb0,2024-06-04,2024-06-04,1,0.2
6cb5202dbca1-924d1055,2024-06-13,2024-06-13,1,0.4
6cbbda1b6efb-f916e407,2024-06-17,2024-06-17,1,0.8
6d1ad53dd4ae-1849bb7d,2024-06-04,2024-06-04,1,6.800000000000001
6d35a4d7bce4-09888b9b,2024-06-02,2024-06-02,1,5.0
6d83097e929c-7e2cad19,2024-06-17,2024-06-17,1,8.600000000000001
6da9a01c0a3a-354cf654,2024-06-07,2024-06-07,1,8.200000000000001
6dbbe324559d-ed77820f,2024-06-09,2024-06-09,1,0.6000000000000001
6dbda116ca2c-b62d5973,2024-06-21,2024-06-21,1,19.700000000000003
6e28d6e90940-bbd7fc53,2024-06-03,2024-06-03,1,4.0
6ebc18dfd7af-9fab843f,2024-06-04,2024-06-04,1,0.4
6f182e718ad1-bed1b022,2024-06-08,2024-06-08,1,1.8000000000000003
6f745c9e270c-1c4cee4a,2024-06-09,2024-06-09,1,0.2
72760dccc5cd-d4498d94,2024-06-21,2024-06-21,1,12.600000000000001
72a917305e8f-901ab8d7,2024-06-05,2024-06-05,1,22.200000000000003
72da11b9c1f6-9fcc646d,2024-06-10,2024-06-10,1,23.400000000000002
7316989c4482-0cbc22b2,2024-06-01,2024-06-01,1,13.2
73504ed58f09-3d2cf04a,2024-06-01,2024-06-01,1,0.8
7374af7b2f2d-4c1595ff,2024-06-17,2024-06-17,1,22.200000000000003
7392c51cad17-f097d006,2024-06-02,2024-06-02,1,19.400000000000002
74010483f680-edc1251d,2024-06-02,2024-06-02,1,0.6000000000000001
743c8b1f45a1-5096d4dd,2024-06-18,2024-06-18,1,2.4000000000000004
74825c0250d1-746bdfb2,2024-06-21,2024-06-21,1,1.0
7483e1c78a2b-5d51b4fc,2024-06-04,2024-06-04,1,0.8
7487a98edd4b-b6ea7b40,2024-06-07,2024-06-07,1,23.400000000000002
749084bbb972-4738a121,2024-06-16,2024-06-16,1,12.4
755bee5f15d5-135d7521,2024-06-08,2024-06-08,1,23.400000000000002
76195a2d34b2-52bb41eb,2024-06-02,2024-06-02,1,17.200000000000003
7672bf0711c3-9afb813a,2024-06-02,2024-06-02,1,7.600000000000001
7793f675d329-79aab339,2024-06-07,2024-06-07,1,4.0
77aefb28d3ca-4283a3ae,2024-06-11,2024-06-11,1,8.8
77bc997a9940-bf461c61,2024-06-19,2024-06-19,1,8.4
77d6f123d8ad-9afb8118,2024-06-12,2024-06-12,1,4.2
783cec401f0a-e89d19af,2024-06-06,2024-06-06,1,22.700000000000003
785bb995f8a5-2386f71e,2024-06-07,2024-06-07,1,23.400000000000002
786510567151-e1f16975,2024-06-11,2024-06-20,3,79.5
7885bbef2417-10604a54,2024-06-07,2024-06-07,1,3.8000000000000007
78c3dc31ce40-416feea2,2024-06-05,2024-06-05,1,28.400000000000002
78caaad59530-a334dddf,2024-06-08,2024-06-08,1,12.4
792ac8883c5c-8817614c,2024-06-12,2024-06-12,1,5.0
79a729fc4318-cfffc839,2024-06-08,2024-06-08,1,1.8000000000000003
79ac238bb7db-3c1ab963,2024-06-13,2024-06-13,1,0.2
79d09a1f9d92-84a58a79,2024-06-14,2024-06-14,1,1.8
7ad8803a687a-24c2ef01,2024-06-20,2024-06-20,1,0.6000000000000001
7af089b42810-90295d5d,2024-06-21,2024-06-21,1,0.2
7b56001729e2-df30bf30,2024-06-01,2024-06-01,1,0.2
7bbc7b287242-324ba8b4,2024-06-16,2024-06-16,1,3.2
7c1f05c63616-8ad4aa9d,2024-06-14,2024-06-14,1,1.6
7cb230b8a140-89899a4f,2024-06-04,2024-06-04,1,3.0
7d0ac0134072-c4a40478,2024-06-13,2024-06-13,1,8.600000000000001
7d3791fc518e-e57b4362,2024-06-03,2024-06-03,1,13.0
7d5b64c66f2d-0e68d2c7,2024-06-19,2024-06-19,1,7.4
7d708a7b7add-0047a25b,2024-06-03,2024-06-03,1,1.4000000000000001
7ebf82cb7e95-bd1d593a,2024-06-03,2024-06-03,1,0.8
7f08d8cf5d4b-072d4fe5,2024-06-08,2024-06-08,1,0.4
803ffe16111a-31ab470e,2024-06-14,2024-06-14,1,0.4
80a57f7dbcf6-a91640fa,2024-06-19,2024-06-19,1,19.200000000000003
80d982a308bd-3057321f,2024-06-01,2024-06-01,1,16.2
810812a633be-8b83443c,2024-06-13,2024-06-13,1,5.0
81ca7bd364d5-885c8cad,2024-06-06,2024-06-06,1,1.2000000000000002
82c9f66f0c21-40dc593c,2024-06-17,2024-06-17,1,21.800000000000004
82d6ecb08814-c5faff69,2024-06-17,2024-06-17,1,0.6000000000000001
83127b3f1698-e998e39c,2024-06-21,2024-06-21,1,1.0
833bfbfd7beb-09a2f021,2024-06-02,2024-06-02,1,0.6000000000000001
839a03c153f9-41c3004e,2024-06-04,2024-06-04,1,18.200000000000003
8417f6ea5a0c-c13d3a4b,2024-06-07,2024-06-07,1,5.4
846394e1502b-f015842c,2024-06-21,2024-06-21,1,8.4
85163a4c11a8-f03853f0,2024-06-10,2024-06-10,1,23.400000000000002
85ba85547381-04c2c8c1,2024-06-06,2024-06-06,1,22.200000000000003
85c7c771bfb3-e6fd302f,2024-06-16,2024-06-16,1,5.0
85eaa4a7b8ed-c41e8f0b,2024-06-05,2024-06-05,1,21.0
85fe93f4712c-4f183455,2024-06-12,2024-06-12,1,5.2
860d9d7ffd4a-7188d154,2024-06-05,2024-06-05,1,7.0
863421189110-93292972,2024-06-14,2024-06-14,1,0.6000000000000001
86c7444bb6c0-3ec2c167,2024-06-04,2024-06-04,1,13.8
872fde124cff-9f2fff09,2024-06-13,2024-06-13,1,5.4
87579e0e777a-f487b816,2024-06-09,2024-06-09,1,8.4
87586ba24656-029b21d1,2024-06-14,2024-06-14,1,5.0
877b860a0fb5-026d3db8,2024-06-01,2024-06-01,1,0.4
87c4c121726c-2ae8a127,2024-06-15,2024-06-15,1,4.2
87c902941038-39c7616f,2024-06-19,2024-06-19,1,23.200000000000003
881cdba26a38-2ca8e5a6,2024-06-20,2024-06-20,1,6.2
882372c6db0f-152dd146,2024-06-17,2024-06-17,1,0.4
8835daf1f005-7f465603,2024-06-12,2024-06-12,1,17.8
884917b9d52f-f13c2ca5,2024-06-04,2024-06-04,1,20.400000000000002
88b433f3aaf0-33d81339,2024-06-05,2024-06-21,5,96.0
8907b51a1545-31eda0fc,2024-06-01,2024-06-01,1,7.800000000000001
89b09f1fea20-fd8665af,2024-06-13,2024-06-13,1,2.6
89b0f90bdd25-adef3f79,2024-06-04,2024-06-04,1,1.0
8a39f9bfb96f-50c481c4,2024-06-16,2024-06-16,1,8.0
8b4763dc29bc-83608781,2024-06-16,2024-06-16,1,0.4
8b77791d9cb3-b87dacd3,2024-06-11,2024-06-11,1,1.8
8bcb9ab7917f-9ce7b857,2024-06-16,2024-06-16,1,5.4
8c086d23a368-df84e44d,2024-06-12,2024-06-12,1,0.2
8c46bda8f6e8-3ea8f021,2024-06-09,2024-06-09,1,4.4
8c4beecaae32-67e63267,2024-06-14,2024-06-14,1,0.6000000000000001
8c70a7b9295a-574bb854,2024-06-04,2024-06-04,1,0.4
8d29aba6064f-f4c14652,2024-06-20,2024-06-20,1,1.0
8e29b64257a1-89de7410,2024-06-18,2024-06-18,1,0.4
8e5be34f4456-a3b6ab09,2024-06-06,2024-06-06,1,2.0
8e7030e91b2d-0bc1b365,2024-06-14,2024-06-14,1,0.4
8ec5187b1034-d1082b86,2024-06-04,2024-06-04,1,0.2
8eeaafb3894e-7206a93c,2024-06-04,2024-06-04,1,0.2
8fed7ccd6232-3c3575f8,2024-06-13,2024-06-13,1,23.800000000000004
901336eade8b-280d6c1f,2024-06-02,2024-06-02,1,0.8
912b7c13aac8-f91071a7,2024-06-16,2024-06-16,1,0.4
912bd9d1179f-abf9dd6c,2024-06-12,2024-06-12,1,3.6
91558c82cac3-bdd32134,2024-06-16,2024-06-16,1,2.2
9162fabfdb3b-43f59b0a,2024-06-16,2024-06-16,1,0.2
918b93af1b73-cdc639d3,2024-06-04,2024-06-04,1,22.200000000000003
9194bf8c2cd3-5f410fe7,2024-06-20,2024-06-20,1,0.8
91df0d30989f-499a2dbe,2024-06-17,2024-06-17,1,12.600000000000001
923e78b072bd-640f25d5,2024-06-10,2024-06-10,1,3.8000000000000007
9258d6b41cfc-36eade46,2024-06-21,2024-06-21,1,3.4000000000000004
927f63ea2bd5-7bd8986f,2024-06-05,2024-06-05,1,0.8
92a4f75783f5-b1b4ed6b,2024-06-08,2024-06-08,1,9.4
92e0d750a890-da3bb683,2024-06-21,2024-06-21,1,1.0
937006179134-858a6d2e,2024-06-04,2024-06-04,1,3.0
939dd80834bf-21aae642,2024-06-14,2024-06-14,1,0.2
94407613d321-29466503,2024-06-03,2024-06-03,1,13.0
94e2a74642eb-ed9c811a,2024-06-21,2024-06-21,1,23.400000000000002
95b017dd2bc3-23e2a680,2024-06-14,2024-06-14,1,4.800000000000001
95b16cca6cd5-58be560e,2024-06-09,2024-06-09,1,3.6
9686817f6aa7-1e5d3d71,2024-06-11,2024-06-11,1,23.400000000000002
9774331be896-c6dd0110,2024-06-14,2024-06-14,1,42.2
979797b84c71-1c158c3c,2024-06-01,2024-06-01,1,0.2
981f0fcdf7ac-c4445ea3,2024-06-12,2024-06-12,1,3.9
982cd7650eaf-f13ce5a3,2024-06-04,2024-06-04,1,21.8
9846a972aebb-61a21abd,2024-06-11,2024-06-11,1,0.6000000000000001
98fa54835942-98dbd99e,2024-06-13,2024-06-13,1,0.2
999dc9a79c0f-ae1572a9,2024-06-16,2024-06-16,1,0.2
9a5e26ad3ab3-19d6bee8,2024-06-04,2024-06-04,1,0.4
9a7534584e0c-22d95a38,2024-06-04,2024-06-10,2,0.4
9a84f8c93ba1-17a1307c,2024-06-03,2024-06-03,1,0.6000000000000001
9b20cd87a74f-85b9ab78,2024-06-05,2024-06-06,2,14.600000000000001
9b27966fa918-bca50d75,2024-06-01,2024-06-01,1,7.2
9b36083cb8d9-9cc27993,2024-06-06,2024-06-06,1,13.8
9b62d535aa5d-f8308487,2024-06-15,2024-06-15,1,4.0
9ba8b14da0bb-384b0d1c,2024-06-13,2024-06-13,1,0.4
9bbc2820dbc5-9e529b97,2024-06-21,2024-06-21,1,8.8
9c05b1c6ec0b-0d4eb6cb,2024-06-11,2024-06-11,1,6.2
9e7080e090d4-07f1aaae,2024-06-02,2024-06-02,1,4.0
9e7bf4f2c238-def38770,2024-06-04,2024-06-04,1,22.200000000000003
9ed3e54d13dc-e3db7d9f,2024-06-02,2024-06-02,1,10.600000000000001
9f0714d50e99-aac48dc6,2024-06-10,2024-06-10,1,23.400000000000002
9f7df943998f-ced1dfcf,2024-06-10,2024-06-10,1,3.8000000000000007
9f88be2b0e76-1727263e,2024-06-09,2024-06-09,1,19.200000000000003
a0986ddeecad-72dac193,2024-06-08,2024-06-08,1,3.8000000000000007
a10e208a7cbf-18ab3ecb,2024-06-01,2024-06-01,1,0.6000000000000001
a1a44434a731-b891a9f9,2024-06-19,2024-06-19,1,13.600000000000001
a1b3a24af5a5-4425edaa,2024-06-11,2024-06-11,1,0.2
a2665e4da113-7952a072,2024-06-10,2024-06-10,1,23.400000000000002
a2cb4511a365-86b1ab2b,2024-06-01,2024-06-01,1,0.4
a39f6097ae1d-ed743070,2024-06-10,2024-06-10,1,5.2
a4248a460a0b-6b935471,2024-06-12,2024-06-12,1,2.4000000000000004
a493fc3ea71d-2d339edb,2024-06-14,2024-06-14,1,1.0
a4b9c0bf4d1f-873bcff7,2024-06-12,2024-06-12,1,15.600000000000001
a5b1f3d30ac4-4b5a7ab6,2024-06-07,2024-06-07,1,17.8
a676c9cda421-5d99cadc,2024-06-07,2024-06-07,1,1.0
a706c2fe796f-aea06760,2024-06-18,2024-06-18,1,0.8
a78320599f6e-722004b5,2024-06-18,2024-06-18,1,0.2
a79927384436-d6903332,2024-06-07,2024-06-07,1,23.400000000000002
a83b45af9667-3af006e2,2024-06-02,2024-06-02,1,5.200000000000001
a83e9a20f9da-aae90110,2024-06-18,2024-06-18,1,4.800000000000001
a8a1f3d2a656-1dc911d2,2024-06-18,2024-06-18,1,1.8
a8a352096408-137e9da2,2024-06-13,2024-06-13,1,10.600000000000001
a9911630eae5-8dde5e85,2024-06-19,2024-06-19,1,2.4000000000000004
aa243c048191-c5389f29,2024-06-03,2024-06-03,1,18.2
aa50115c0983-e6f73611,2024-06-02,2024-06-02,1,0.2
ab5d23e8ff27-e619fdc2,2024-06-02,2024-06-02,1,0.2
abc0163d8c5e-40661798,2024-06-15,2024-06-15,1,0.2
abcd962bafa7-0bf9a062,2024-06-17,2024-06-17,1,2.2
ac8700d11497-52a56aae,2024-06-20,2024-06-20,1,0.4
ad0cc0808821-42d8da70,2024-06-11,2024-06-11,1,11.8
adb63f498628-ce93ba0f,2024-06-07,2024-06-07,1,20.6
aea456d0ee05-122e4b6f,2024-06-16,2024-06-19,2,9.0
aebcf03f219b-76d1d74b,2024-06-18,2024-06-18,1,0.6000000000000001
aec6740f748b-335db63d,2024-06-05,2024-06-05,1,0.8
aee587b8d428-1f396c5e,2024-06-18,2024-06-18,1,0.4
af009df81059-06a377e8,2024-06-05,2024-06-05,1,0.4
af76ddc7c585-014304a3,2024-06-04,2024-06-04,1,8.4
af772812fda4-70b0205c,2024-06-11,2024-06-11,1,0.2
b03271039176-6682fbbc,2024-06-16,2024-06-16,1,12.600000000000001
b0b90595390a-2a4afef1,2024-06-12,2024-06-12,1,3.8000000000000007
b0d469140873-de9eee67,2024-06-12,2024-06-12,1,10.0
b105dd1d3eeb-6ce568ca,2024-06-04,2024-06-04,1,0.2
b11471b0bbf2-4d8f4820,2024-06-04,2024-06-04,1,0.2
b127f452d472-88d2400c,2024-06-17,2024-06-17,1,8.200000000000001
b15b949ff8dd-2f7d91cc,2024-06-16,2024-06-16,1,4.2
b15bd91727b4-89ff9d80,2024-06-10,2024-06-10,1,2.6
b1eee3b51106-2d50ca5e,2024-06-03,2024-06-03,1,4.0
b232a4b3078f-72a1f245,2024-06-12,2024-06-12,1,21.2
b242b05cf1de-e690903a,2024-06-16,2024-06-16,1,8.4
b2ede981fa75-24d1f7c3,2024-06-08,2024-06-08,1,3.2
b304c3712800-17d8cc7c,2024-06-04,2024-06-04,1,2.4000000000000004
b32f6f3b2c9a-01a5db7d,2024-06-13,2024-06-15,2,2.8
b379520109a3-4c844792,2024-06-02,2024-06-02,1,9.4
b40e91b80227-e408d5ac,2024-06-01,2024-06-01,1,0.2
b4153c59a7a3-3d022136,2024-06-02,2024-06-02,1,14.8
b422cac942b3-1a445263,2024-06-03,2024-06-03,1,2.6
b4a1c2dcbcbd-cf38ffb3,2024-06-07,2024-06-07,1,0.2
b576f2e8ba00-46dc990c,2024-06-17,2024-06-17,1,0.2
b5b80468e8c5-1839573f,2024-06-13,2024-06-13,1,2.0
b740c78902cd-72d9218a,2024-06-14,2024-06-14,1,0.2
b751f99a695a-a1469f06,2024-06-03,2024-06-03,1,0.4
b77c5412ff72-ecb7d666,2024-06-08,2024-06-08,1,0.8
b78e8cb2ad00-26b7fc4b,2024-06-04,2024-06-04,1,8.0
b81edcde9d17-4b25c7f3,2024-06-04,2024-06-19,4,39.300000000000004
b8d1b90d52d9-be3ee998,2024-06-06,2024-06-06,1,22.200000000000003
b8d75bc22690-1ead038a,2024-06-16,2024-06-16,1,24.6
b8e9a58dca88-3dd87311,2024-06-18,2024-06-18,1,5.800000000000001
b91b20c996e0-655328a5,2024-06-02,2024-06-02,1,11.600000000000001
b926b52c62e1-51ebc514,2024-06-07,2024-06-07,1,23.400000000000002
b92e63d3d041-5433260f,2024-06-11,2024-06-11,1,0.2
b95d8a42cfec-d5380c9a,2024-06-01,2024-06-01,1,9.600000000000001
b9629956b6e9-3aa09438,2024-06-01,2024-06-01,1,11.200000000000001
b9eb530262d3-1b2d98c2,2024-06-20,2024-06-20,1,25.799999999999997
ba13e27f9ac6-07c9eece,2024-06-15,2024-06-15,1,5.0
ba17a8b47836-78dab612,2024-06-03,2024-06-21,19,208.6
ba630f9bb4e3-78eaf196,2024-06-04,2024-06-04,1,3.4000000000000004
ba89dd84d926-cbc0ef63,2024-06-19,2024-06-19,1,0.2
bbfd4274e8dd-222d0f48,2024-06-12,2024-06-21,3,17.0
bc2154588033-b714aa3d,2024-06-04,2024-06-04,1,3.8
bc22086a7729-4a3a072e,2024-06-13,2024-06-13,1,0.6000000000000001
bc2803036a10-ab78c583,2024-06-18,2024-06-18,1,0.2
bc8120df99fb-75596c77,2024-06-13,2024-06-13,1,21.2
bcb5e4efb353-c11edb0c,2024-06-21,2024-06-21,1,5.2
bd1c41cf27a8-766a7dda,2024-06-01,2024-06-01,1,19.400000000000002
bdd1227cff53-bc98c348,2024-06-03,2024-06-03,1,0.2
be016378c109-276b46b4,2024-06-14,2024-06-14,1,2.6
be134935dc17-6f1c3738,2024-06-19,2024-06-19,1,0.4
be32efad8780-026ffa0a,2024-06-13,2024-06-13,1,26.700000000000003
be58b65c0ef1-9f512fff,2024-06-08,2024-06-08,1,0.4
bea6199cc0da-09c1b836,2024-06-03,2024-06-03,1,0.2
bec56b8c6f08-e80d05a4,2024-06-04,2024-06-21,12,156.79999999999998
bed1c7b0527d-4713518c,2024-06-21,2024-06-21,1,5.800000000000001
bf55ed9c55aa-948665e7,2024-06-01,2024-06-01,1,0.8
bf82175bd061-7d140f45,2024-06-17,2024-06-17,1,5.6
bfdbf8fdb0ff-5c56489c,2024-06-12,2024-06-12,1,2.0
c003fb67b84d-e7eb81be,2024-06-02,2024-06-02,1,16.200000000000003
c0f565b4890c-03a3ed40,2024-06-20,2024-06-20,1,16.0
c1144cabc869-f9f6555b,2024-06-04,2024-06-04,1,22.200000000000003
c183bb97a129-a5c9187e,2024-06-17,2024-06-17,1,2.6
c286061b7363-b9557997,2024-06-09,2024-06-09,1,23.400000000000002
c2a698df3b67-bd03ebae,2024-06-11,2024-06-11,1,23.400000000000002
c2a97dcbcdd5-e6734a23,2024-06-01,2024-06-01,1,0.2
c3a9b6b19ee0-5b59dad9,2024-06-03,2024-06-03,1,12.4
c42e6c1f971f-82449ba7,2024-06-05,2024-06-05,1,0.2
c4841b29b955-a27d6c91,2024-06-16,2024-06-16,1,24.200000000000003
c48db47466c7-a2bd8f6d,2024-06-08,2024-06-08,1,3.0
c515ce4fc203-c3ea3585,2024-06-04,2024-06-04,1,13.400000000000002
c59ab57b556e-7636f714,2024-06-03,2024-06-03,1,16.200000000000003
c5beaf0d404b-7d727e82,2024-06-15,2024-06-15,1,7.200000000000001
c697264cebbf-1b000588,2024-06-17,2024-06-17,1,4.0
c6a5f67d379a-2be3cd6d,2024-06-19,2024-06-19,1,27.0
c6a906535398-8a6ce39f,2024-06-11,2024-06-11,1,4.2
c6f7f22078b3-785df8b4,2024-06-13,2024-06-13,1,0.4
c71cd7520f2b-2fe3b0af,2024-06-11,2024-06-11,1,2.0
c795d7c67406-5d017a0f,2024-06-06,2024-06-06,1,22.200000000000003
c7e962e668a8-3ad8d164,2024-06-06,2024-06-06,1,7.600000000000001
c88912253215-d8322ab0,2024-06-14,2024-06-14,1,4.6000000000000005
c8cb2830ee9a-22a41f32,2024-06-03,2024-06-03,1,0.2
c9ff6982af7d-42415acf,2024-06-09,2024-06-09,1,23.400000000000002
ca880c74d934-08089513,2024-06-08,2024-06-08,1,9.8
cb1e50c09146-42e577d1,2024-06-06,2024-06-11,2,0.6000000000000001
cb4932ce53dd-27c494a7,2024-06-03,2024-06-03,1,1.2000000000000002
cbf928810858-b43f895d,2024-06-19,2024-06-19,1,0.4
cc03f01c3724-65603b9f,2024-06-05,2024-06-05,1,2.6
cc59baeff930-6076a0dc,2024-06-19,2024-06-19,1,0.6000000000000001
ccde7fc2a4d4-4c08117d,2024-06-03,2024-06-20,7,14.5
ccf01cf6305f-ea0c6f1f,2024-06-05,2024-06-05,1,2.1
cd611160eefc-3ceed0c0,2024-06-05,2024-06-05,1,11.600000000000001
cd7ffdaaedf9-043e84f7,2024-06-05,2024-06-05,1,22.200000000000003
cdb55321c399-deec76e1,2024-06-02,2024-06-02,1,11.700000000000001
cdcec9b9dba7-e90bffbd,2024-06-04,2024-06-04,1,0.4
cdef41a61d50-b523ebec,2024-06-09,2024-06-09,1,0.4
ce668f7e99f4-5c3e7040,2024-06-03,2024-06-03,1,2.0
ce6acf9678c2-281d1f40,2024-06-03,2024-06-14,4,7.6000000000000005
cf1e5c4f2953-98f1ce9e,2024-06-09,2024-06-09,1,0.6000000000000001
cf3f239f6775-88e50e27,2024-06-12,2024-06-12,1,14.0
d006993cd746-a0cc4b2c,2024-06-17,2024-06-17,1,3.0
d06fddc69be2-8fe7d25c,2024-06-14,2024-06-14,1,7.600000000000001
d099441696b8-144e8464,2024-06-03,2024-06-03,1,1.6
d09dbc31193a-a59adf2f,2024-06-18,2024-06-18,1,24.6
d0db6c10fcc0-c1609da9,2024-06-08,2024-06-08,1,0.6000000000000001
d19c4305a12c-c2adf2e9,2024-06-15,2024-06-15,1,0.8
d1bcf5653255-a747f33d,2024-06-10,2024-06-10,1,14.400000000000002
d1c9e0d31875-fc88b191,2024-06-03,2024-06-03,1,16.6
d1cd0c5a153b-8c2773da,2024-06-15,2024-06-15,1,6.800000000000001
d1deada9777d-1eb36632,2024-06-17,2024-06-17,1,1.6
d2216633df8d-8dcb92a7,2024-06-02,2024-06-02,1,0.2
d2ab15d62936-7e0ac815,2024-06-10,2024-06-10,1,16.0
d2e171205a23-37b45309,2024-06-04,2024-06-04,1,2.2
d2f8a0a8aaa1-1f1fe55b,2024-06-03,2024-06-03,1,0.2
d34951d1c696-41e1c4fd,2024-06-21,2024-06-21,1,0.2
d37dcb7c8939-38dd3cfe,2024-06-01,2024-06-01,1,0.2
d4eed3a4a463-d46618a9,2024-06-14,2024-06-14,1,0.8
d4ef8203434c-a068d728,2024-06-08,2024-06-08,1,8.0
d4f46688a922-5d6d944b,2024-06-06,2024-06-06,1,21.2
d51fd17625b7-4deacc0e,2024-06-21,2024-06-21,1,0.2
d56db5dc5eb2-e609e410,2024-06-06,2024-06-06,1,1.2000000000000002
d58e84d32371-6db35e3e,2024-06-11,2024-06-11,1,24.6
d59e7b544c39-7eec4457,2024-06-03,2024-06-03,1,5.0
d5e8dee3e5ae-b3995d02,2024-06-11,2024-06-11,1,5.0
d623ea085eb8-0f30c594,2024-06-17,2024-06-17,1,9.0
d7126794ef2d-15c0dfb8,2024-06-10,2024-06-10,1,19.0
d7de72c6dbeb-8e4dca7c,2024-06-10,2024-06-10,1,0.2
d80c3172b0ae-0bec156d,2024-06-05,2024-06-05,1,1.4000000000000001
d8123d648ed5-7aa3388e,2024-06-21,2024-06-21,1,1.4
d8a5a6451ea9-4c2b736c,2024-06-06,2024-06-06,1,0.2
d9655b30357f-246e6b56,2024-06-10,2024-06-10,1,4.4
d967275685f6-bd951445,2024-06-04,2024-06-04,1,0.2
d992c78a1544-a18a059d,2024-06-15,2024-06-15,1,13.200000000000001
da075920be7b-0960fd5a,2024-06-12,2024-06-12,1,4.4
da272cf599bf-48826954,2024-06-01,2024-06-01,1,0.4
da7d8d3a0614-9e8f912d,2024-06-07,2024-06-07,1,13.200000000000001
db054789112b-85e9bcb2,2024-06-02,2024-06-02,1,0.4
db186394e4ec-e3fcf0fd,2024-06-06,2024-06-06,1,0.2
dbdeaed83dce-a29796cc,2024-06-21,2024-06-21,1,0.8
dc7d76adf443-7fffb39f,2024-06-19,2024-06-19,1,19.200000000000003
dc8f73ce15ac-fdd2d3e1,2024-06-21,2024-06-21,1,28.200000000000003
dc8fe227c204-b28665df,2024-06-13,2024-06-13,1,0.2
dca5060dc77f-efa42382,2024-06-10,2024-06-10,1,5.200000000000001
dccb59da263e-f5a68e47,2024-06-19,2024-06-19,1,8.8
dd31f1db6d4e-4a26360d,2024-06-11,2024-06-11,1,0.8
de1e366feb01-f59b8455,2024-06-08,2024-06-08,1,8.2
deae143ad67e-66ee515a,2024-06-12,2024-06-12,1,0.2
decdedd65f62-932fa325,2024-06-12,2024-06-12,1,3.4000000000000004
dfefb029d620-f0b689bb,2024-06-09,2024-06-09,1,1.0
e003531d40d5-273182bf,2024-06-02,2024-06-02,1,1.2000000000000002
e0436ba3331a-be838621,2024-06-15,2024-06-15,1,5.2
e064a7116c58-9e317ad2,2024-06-06,2024-06-06,1,22.200000000000003
e0a577cd0068-f4dd785f,2024-06-03,2024-06-03,1,21.0
e0bfade00745-01beb6b7,2024-06-02,2024-06-02,1,6.0
e0c323c78f6e-68cfd2cb,2024-06-11,2024-06-11,1,0.2
e187f1dfcadf-974040e7,2024-06-09,2024-06-09,1,9.8
e213d4c50785-26d1463d,2024-06-12,2024-06-12,1,5.0
e2295f6fb4c8-ea0adfc5,2024-06-06,2024-06-06,1,15.7
e24f599ccb03-b7bcc188,2024-06-14,2024-06-14,1,24.6
e26bb3c30820-85b9324d,2024-06-01,2024-06-01,1,19.8
e33440ef6d33-da950f0b,2024-06-21,2024-06-21,1,1.4
e394db3d7f12-dcbd0702,2024-06-07,2024-06-07,1,13.600000000000001
e3cffb75b82c-25d911be,2024-06-12,2024-06-12,1,0.4
e4770a1ef109-30f82f0b,2024-06-06,2024-06-06,1,8.4
e4bc2d2d87c2-a9ea17d6,2024-06-13,2024-06-13,1,0.4
e5516baaf118-29b08501,2024-06-18,2024-06-18,1,15.8
e5666f60c482-e6f838d5,2024-06-09,2024-06-09,1,11.0
e5d484401c50-7e91a3c2,2024-06-05,2024-06-05,1,2.6
e5d7c828d316-00e04506,2024-06-11,2024-06-11,1,2.6
e5e4a6dd6746-705253de,2024-06-06,2024-06-06,1,0.4
e5e8b157d811-0412dbaf,2024-06-03,2024-06-03,1,22.200000000000003
e604cca78be3-0697b4fc,2024-06-08,2024-06-08,1,0.2
e6086496513b-41ebe922,2024-06-11,2024-06-11,1,0.2
e656fedbe41e-639cb8a5,2024-06-16,2024-06-16,1,1.8
e657c25ee027-d74937a3,2024-06-04,2024-06-04,1,3.4000000000000004
e67bed8e9920-9335b0e1,2024-06-09,2024-06-09,1,3.8000000000000007
e6dcb194e27e-52a3ecb5,2024-06-07,2024-06-07,1,2.6
e7182ee07b95-6f6a4808,2024-06-08,2024-06-08,1,4.1
e7269249024d-22dcf98e,2024-06-10,2024-06-10,1,0.2
e7c4baf2ba66-10f12b6f,2024-06-10,2024-06-10,1,3.2
e9c26fc0437a-6eb2a7f2,2024-06-01,2024-06-01,1,17.0
eab0c2a9de9b-64af1807,2024-06-13,2024-06-13,1,1.2000000000000002
eadcd27eaa8f-3f122f2a,2024-06-18,2024-06-18,1,11.0
eb3aae0e565a-9f75efe4,2024-06-20,2024-06-20,1,8.600000000000001
ebfad543e886-175d84b5,2024-06-07,2024-06-07,1,0.2
ec40ad525ba4-45991290,2024-06-01,2024-06-01,1,3.4000000000000004
ec63e48222b1-59da8835,2024-06-19,2024-06-19,1,3.0
ec63ea2c687d-c5f407bd,2024-06-16,2024-06-16,1,4.6000000000000005
ec8bfb457957-fff2cfb4,2024-06-11,2024-06-11,1,24.6
ed05ca311ccf-01c2871c,2024-06-03,2024-06-03,1,14.200000000000001
ed3c6f034d2f-93a34147,2024-06-12,2024-06-12,1,0.2
ed3d5211c621-86755b01,2024-06-19,2024-06-19,1,15.0
ed702aeb2262-b9a60fc9,2024-06-06,2024-06-06,1,3.8000000000000007
ed7c189d7ace-2e86a840,2024-06-13,2024-06-13,1,0.2
ee1bf6b4ab1b-443364a0,2024-06-17,2024-06-17,1,0.2
ee8cc47c827f-e82ff66a,2024-06-17,2024-06-17,1,9.8
eea6479432cf-a5797336,2024-06-15,2024-06-15,1,0.2
ef0b6d44c91a-89ce19a1,2024-06-10,2024-06-10,1,3.6000000000000005
ef4632c207a8-dea0eaef,2024-06-09,2024-06-09,1,10.0
efa7ce0a0a58-398d963e,2024-06-13,2024-06-13,1,3.0
effcc2fe2fdc-88a1ed92,2024-06-14,2024-06-14,1,5.0
f0326bdebbed-68794781,2024-06-06,2024-06-06,1,2.6
f0e6dda688b6-12eb1bbb,2024-06-19,2024-06-19,1,28.200000000000003
f14dfabcdbbc-feb9b0e2,2024-06-13,2024-06-13,1,17.6
f167a75b1617-de7339b0,2024-06-03,2024-06-03,1,3.4000000000000004
f1beba4ea6c3-6639f834,2024-06-08,2024-06-08,1,3.6
f2188936259c-19cf1008,2024-06-06,2024-06-06,1,3.0
f25460dd3cdd-daa0d434,2024-06-18,2024-06-18,1,17.200000000000003
f262f124592f-911ebd21,2024-06-18,2024-06-18,1,0.4
f27944b4705c-9ec2aec3,2024-06-15,2024-06-15,1,0.4
f2844086f48e-b9150b1a,2024-06-14,2024-06-14,1,1.2000000000000002
f301d4bfd904-240dee8c,2024-06-12,2024-06-12,1,15.200000000000001
f339e73caad9-e7142dfa,2024-06-09,2024-06-09,1,14.600000000000001
f35032f7b361-6ec132b9,2024-06-13,2024-06-13,1,0.2
f35653d16bc2-146f15ce,2024-06-02,2024-06-02,1,12.0
f36b3c386182-53083ed5,2024-06-15,2024-06-18,3,129.0
f3aa7b29a149-f5f7ed7b,2024-06-17,2024-06-17,1,5.3
f3b2049b737c-ce8c2c1d,2024-06-03,2024-06-04,2,2.4
f4f6d4563fbf-6d14c145,2024-06-05,2024-06-05,1,7.600000000000001
f57aa7892bc9-fef98b52,2024-06-05,2024-06-05,1,1.4000000000000001
f64a0478a781-321023b5,2024-06-11,2024-06-11,1,12.2
f65d69c96f6e-d534bf34,2024-06-17,2024-06-17,1,0.2
f6d1a464445f-94004b7e,2024-06-01,2024-06-01,1,0.2
f6dcf261dc0b-34791369,2024-06-20,2024-06-20,1,10.4
f6e08c19f510-a2d5b82a,2024-06-06,2024-06-06,1,0.2
f785e96d90a7-2208fb8c,2024-06-04,2024-06-04,1,0.2
f7bc9f9f4c65-e4a02314,2024-06-02,2024-06-02,1,0.6000000000000001
f803db09348a-7aade2f3,2024-06-18,2024-06-18,1,0.6000000000000001
f80a89f9b7ff-b1d65251,2024-06-04,2024-06-04,1,14.400000000000002
f867767941a4-e6257794,2024-06-07,2024-06-07,1,8.8
f87d9bb8053e-5cf1d357,2024-06-11,2024-06-11,1,0.2
f8dfc6b52289-510e55d4,2024-06-06,2024-06-06,1,8.0
f94b13b5c586-1d3c2f5c,2024-06-06,2024-06-06,1,22.200000000000003
f9ac7f9eb8d6-186cd596,2024-06-10,2024-06-10,1,13.0
f9bee1bab8f6-85fd9f38,2024-06-12,2024-06-12,1,5.0
fadba8bf93d9-00b902c1,2024-06-11,2024-06-11,1,3.2
fb37d1bb76cd-398f10ff,2024-06-12,2024-06-13,2,4.800000000000001
fb63fd6d39db-cef16ac7,2024-06-01,2024-06-01,1,19.8
fb68e5b0a235-81bcaa34,2024-06-19,2024-06-19,1,0.6000000000000001
fc210d5a4641-54ad58b7,2024-06-11,2024-06-11,1,15.000000000000002
fcd777617b58-df5a8ab5,2024-06-16,2024-06-16,1,4.2
fd4d0e273e1b-66c6865f,2024-06-09,2024-06-09,1,4.4
fd5471798d2e-4fdee671,2024-06-07,2024-06-07,1,23.400000000000002
fd984cfab635-a90014bc,2024-06-09,2024-06-09,1,23.400000000000002
fdb8550c5bc2-229c2009,2024-06-21,2024-06-21,1,6.6
fe1d42f2f1e4-5b0a869c,2024-06-03,2024-06-03,1,5.4
fe654ca5f5ff-217e1e65,2024-06-02,2024-06-02,1,0.2
fe713fc2fe12-afa84970,2024-06-19,2024-06-19,1,5.6
feed2988327f-fa1afbd5,2024-06-01,2024-06-01,1,0.2
fefa1211b797-adddce79,2024-06-03,2024-06-03,1,21.8
feff3514ea12-57de54f4,2024-06-01,2024-06-01,1,9.0
ff2cb5bdcb66-04b539bd,2024-06-04,2024-06-04,1,0.2
ff79bc398dd3-4f9ef5ae,2024-06-07,2024-06-07,1,1.0
ffd9dcaf7805-1aa947eb,2024-06-05,2024-06-05,1,0.2
